[2026-06-16 20:02:12] local.ERROR: Command "view:clearphp" is not defined.

Did you mean one of these?
    view:cache
    view:clear {"exception":"[object] (Symfony\\Component\\Console\\Exception\\CommandNotFoundException(code: 0): Command \"view:clearphp\" is not defined.

Did you mean one of these?
    view:cache
    view:clear at C:/xampp/htdocs/speakout-api/vendor/symfony/console/Application.php:745)
[stacktrace]
#0 C:/xampp/htdocs/speakout-api/vendor/symfony/console/Application.php(266): Symfony/Component/Console/Application->find('view:clearphp')
#1 C:/xampp/htdocs/speakout-api/vendor/symfony/console/Application.php(175): Symfony/Component/Console/Application->doRun(Object(Symfony/Component/Console/Input/ArgvInput), Object(Symfony/Component/Console/Output/ConsoleOutput))
#2 C:/xampp/htdocs/speakout-api/vendor/laravel/framework/src/Illuminate/Foundation/Console/Kernel.php(201): Symfony/Component/Console/Application->run(Object(Symfony/Component/Console/Input/ArgvInput), Object(Symfony/Component/Console/Output/ConsoleOutput))
#3 C:/xampp/htdocs/speakout-api/artisan(37): Illuminate/Foundation/Console/Kernel->handle(Object(Symfony/Component/Console/Input/ArgvInput), Object(Symfony/Component/Console/Output/ConsoleOutput))
#4 {main}
"} 
[2026-06-16 20:27:19] local.INFO: Generating PDF {"user":"paijo","course":"English For Society","cert_number":"CERT-2026-00002"} 
[2026-06-16 20:29:20] local.INFO: Generating PDF {"user":"paijo","course":"English For Society","cert_number":"CERT-2026-00002"} 
[2026-06-16 20:33:27] local.INFO: Generating PDF {"user":"paijo","course":"English For Society","cert_number":"CERT-2026-00002"} 
[2026-06-16 21:39:29] local.INFO: Generating PDF {"user":"paijo","course":"English For Society","cert_number":"CERT-2026-00002"} 
[2026-06-16 21:48:57] local.INFO: Generating PDF {"user":"paijo","course":"English For Society","cert_number":"CERT-2026-00002"} 
[2026-06-16 22:08:38] local.INFO: Generating PDF {"user":"paijo","course":"English For Society","cert_number":"CERT-2026-00002"} 
[2026-06-16 22:10:22] local.INFO: Generating PDF {"user":"paijo","course":"English For Society","cert_number":"CERT-2026-00002"} 
[2026-06-16 22:10:48] local.INFO: Generating PDF {"user":"paijo","course":"English For Society","cert_number":"CERT-2026-00002"} 
[2026-06-16 22:19:26] local.INFO: Generating PDF {"user":"paijo","course":"English For Society","cert_number":"CERT-2026-00002"} 
[2026-06-16 22:32:26] local.INFO: Generating PDF {"user":"paijo","course":"English For Society","cert_number":"CERT-2026-00002"} 
[2026-06-17 00:56:27] local.ERROR: SQLSTATE[HY000] [2002] No connection could be made because the target machine actively refused it (Connection: mysql, SQL: select * from `users` where `email` = drian@test.com limit 1) {"exception":"[object] (Illuminate\\Database\\QueryException(code: 2002): SQLSTATE[HY000] [2002] No connection could be made because the target machine actively refused it (Connection: mysql, SQL: select * from `users` where `email` = drian@test.com limit 1) at C:/xampp/htdocs/speakout-api/vendor/laravel/framework/src/Illuminate/Database/Connection.php:829)
[stacktrace]
#0 C:/xampp/htdocs/speakout-api/vendor/laravel/framework/src/Illuminate/Database/Connection.php(983): Illuminate/Database/Connection->runQueryCallback('select * from `...', Array, Object(Closure))
#1 C:/xampp/htdocs/speakout-api/vendor/laravel/framework/src/Illuminate/Database/Connection.php(963): Illuminate/Database/Connection->tryAgainIfCausedByLostConnection(Object(Illuminate/Database/QueryException), 'select * from `...', Array, Object(Closure))
#2 C:/xampp/htdocs/speakout-api/vendor/laravel/framework/src/Illuminate/Database/Connection.php(786): Illuminate/Database/Connection->handleQueryException(Object(Illuminate/Database/QueryException), 'select * from `...', Array, Object(Closure))
#3 C:/xampp/htdocs/speakout-api/vendor/laravel/framework/src/Illuminate/Database/Connection.php(431): Illuminate/Database/Connection->run('select * from `...', Array, Object(Closure))
#4 C:/xampp/htdocs/speakout-api/vendor/laravel/framework/src/Illuminate/Database/Query/Builder.php(2914): Illuminate/Database/Connection->select('select * from `...', Array, true)
#5 C:/xampp/htdocs/speakout-api/vendor/laravel/framework/src/Illuminate/Database/Query/Builder.php(2902): Illuminate/Database/Query/Builder->runSelect()
#6 C:/xampp/htdocs/speakout-api/vendor/laravel/framework/src/Illuminate/Database/Query/Builder.php(3456): Illuminate/Database/Query/Builder->Illuminate/Database/Query/{closure}()
#7 C:/xampp/htdocs/speakout-api/vendor/laravel/framework/src/Illuminate/Database/Query/Builder.php(2903): Illuminate/Database/Query/Builder->onceWithColumns(Array, Object(Closure))
#8 C:/xampp/htdocs/speakout-api/vendor/laravel/framework/src/Illuminate/Database/Eloquent/Builder.php(739): Illuminate/Database/Query/Builder->get(Array)
#9 C:/xampp/htdocs/speakout-api/vendor/laravel/framework/src/Illuminate/Database/Eloquent/Builder.php(723): Illuminate/Database/Eloquent/Builder->getModels(Array)
#10 C:/xampp/htdocs/speakout-api/vendor/laravel/framework/src/Illuminate/Database/Concerns/BuildsQueries.php(333): Illuminate/Database/Eloquent/Builder->get(Array)
#11 C:/xampp/htdocs/speakout-api/app/Http/Controllers/Api/AuthController.php(57): Illuminate/Database/Eloquent/Builder->first()
#12 C:/xampp/htdocs/speakout-api/vendor/laravel/framework/src/Illuminate/Routing/Controller.php(54): App/Http/Controllers/Api/AuthController->login(Object(Illuminate/Http/Request))
#13 C:/xampp/htdocs/speakout-api/vendor/laravel/framework/src/Illuminate/Routing/ControllerDispatcher.php(43): Illuminate/Routing/Controller->callAction('login', Array)
#14 C:/xampp/htdocs/speakout-api/vendor/laravel/framework/src/Illuminate/Routing/Route.php(260): Illuminate/Routing/ControllerDispatcher->dispatch(Object(Illuminate/Routing/Route), Object(App/Http/Controllers/Api/AuthController), 'login')
#15 C:/xampp/htdocs/speakout-api/vendor/laravel/framework/src/Illuminate/Routing/Route.php(205): Illuminate/Routing/Route->runController()
#16 C:/xampp/htdocs/speakout-api/vendor/laravel/framework/src/Illuminate/Routing/Router.php(806): Illuminate/Routing/Route->run()
#17 C:/xampp/htdocs/speakout-api/vendor/laravel/framework/src/Illuminate/Pipeline/Pipeline.php(144): Illuminate/Routing/Router->Illuminate/Routing/{closure}(Object(Illuminate/Http/Request))
#18 C:/xampp/htdocs/speakout-api/vendor/laravel/framework/src/Illuminate/Routing/Middleware/SubstituteBindings.php(50): Illuminate/Pipeline/Pipeline->Illuminate/Pipeline/{closure}(Object(Illuminate/Http/Request))
#19 C:/xampp/htdocs/speakout-api/vendor/laravel/framework/src/Illuminate/Pipeline/Pipeline.php(183): Illuminate/Routing/Middleware/SubstituteBindings->handle(Object(Illuminate/Http/Request), Object(Closure))
#20 C:/xampp/htdocs/speakout-api/vendor/laravel/framework/src/Illuminate/Routing/Middleware/ThrottleRequests.php(159): Illuminate/Pipeline/Pipeline->Illuminate/Pipeline/{closure}(Object(Illuminate/Http/Request))
#21 C:/xampp/htdocs/speakout-api/vendor/laravel/framework/src/Illuminate/Routing/Middleware/ThrottleRequests.php(135): Illuminate/Routing/Middleware/ThrottleRequests->handleRequest(Object(Illuminate/Http/Request), Object(Closure), Array)
#22 C:/xampp/htdocs/speakout-api/vendor/laravel/framework/src/Illuminate/Routing/Middleware/ThrottleRequests.php(87): Illuminate/Routing/Middleware/ThrottleRequests->handleRequestUsingNamedLimiter(Object(Illuminate/Http/Request), Object(Closure), 'api', Object(Closure))
#23 C:/xampp/htdocs/speakout-api/vendor/laravel/framework/src/Illuminate/Pipeline/Pipeline.php(183): Illuminate/Routing/Middleware/ThrottleRequests->handle(Object(Illuminate/Http/Request), Object(Closure), 'api')
#24 C:/xampp/htdocs/speakout-api/vendor/laravel/framework/src/Illuminate/Pipeline/Pipeline.php(119): Illuminate/Pipeline/Pipeline->Illuminate/Pipeline/{closure}(Object(Illuminate/Http/Request))
#25 C:/xampp/htdocs/speakout-api/vendor/laravel/framework/src/Illuminate/Routing/Router.php(807): Illuminate/Pipeline/Pipeline->then(Object(Closure))
#26 C:/xampp/htdocs/speakout-api/vendor/laravel/framework/src/Illuminate/Routing/Router.php(784): Illuminate/Routing/Router->runRouteWithinStack(Object(Illuminate/Routing/Route), Object(Illuminate/Http/Request))
#27 C:/xampp/htdocs/speakout-api/vendor/laravel/framework/src/Illuminate/Routing/Router.php(748): Illuminate/Routing/Router->runRoute(Object(Illuminate/Http/Request), Object(Illuminate/Routing/Route))
#28 C:/xampp/htdocs/speakout-api/vendor/laravel/framework/src/Illuminate/Routing/Router.php(737): Illuminate/Routing/Router->dispatchToRoute(Object(Illuminate/Http/Request))
#29 C:/xampp/htdocs/speakout-api/vendor/laravel/framework/src/Illuminate/Foundation/Http/Kernel.php(200): Illuminate/Routing/Router->dispatch(Object(Illuminate/Http/Request))
#30 C:/xampp/htdocs/speakout-api/vendor/laravel/framework/src/Illuminate/Pipeline/Pipeline.php(144): Illuminate/Foundation/Http/Kernel->Illuminate/Foundation/Http/{closure}(Object(Illuminate/Http/Request))
#31 C:/xampp/htdocs/speakout-api/vendor/laravel/framework/src/Illuminate/Foundation/Http/Middleware/TransformsRequest.php(21): Illuminate/Pipeline/Pipeline->Illuminate/Pipeline/{closure}(Object(Illuminate/Http/Request))
#32 C:/xampp/htdocs/speakout-api/vendor/laravel/framework/src/Illuminate/Foundation/Http/Middleware/ConvertEmptyStringsToNull.php(31): Illuminate/Foundation/Http/Middleware/TransformsRequest->handle(Object(Illuminate/Http/Request), Object(Closure))
#33 C:/xampp/htdocs/speakout-api/vendor/laravel/framework/src/Illuminate/Pipeline/Pipeline.php(183): Illuminate/Foundation/Http/Middleware/ConvertEmptyStringsToNull->handle(Object(Illuminate/Http/Request), Object(Closure))
#34 C:/xampp/htdocs/speakout-api/vendor/laravel/framework/src/Illuminate/Foundation/Http/Middleware/TransformsRequest.php(21): Illuminate/Pipeline/Pipeline->Illuminate/Pipeline/{closure}(Object(Illuminate/Http/Request))
#35 C:/xampp/htdocs/speakout-api/vendor/laravel/framework/src/Illuminate/Foundation/Http/Middleware/TrimStrings.php(40): Illuminate/Foundation/Http/Middleware/TransformsRequest->handle(Object(Illuminate/Http/Request), Object(Closure))
#36 C:/xampp/htdocs/speakout-api/vendor/laravel/framework/src/Illuminate/Pipeline/Pipeline.php(183): Illuminate/Foundation/Http/Middleware/TrimStrings->handle(Object(Illuminate/Http/Request), Object(Closure))
#37 C:/xampp/htdocs/speakout-api/vendor/laravel/framework/src/Illuminate/Foundation/Http/Middleware/ValidatePostSize.php(27): Illuminate/Pipeline/Pipeline->Illuminate/Pipeline/{closure}(Object(Illuminate/Http/Request))
#38 C:/xampp/htdocs/speakout-api/vendor/laravel/framework/src/Illuminate/Pipeline/Pipeline.php(183): Illuminate/Foundation/Http/Middleware/ValidatePostSize->handle(Object(Illuminate/Http/Request), Object(Closure))
#39 C:/xampp/htdocs/speakout-api/vendor/laravel/framework/src/Illuminate/Foundation/Http/Middleware/PreventRequestsDuringMaintenance.php(99): Illuminate/Pipeline/Pipeline->Illuminate/Pipeline/{closure}(Object(Illuminate/Http/Request))
#40 C:/xampp/htdocs/speakout-api/vendor/laravel/framework/src/Illuminate/Pipeline/Pipeline.php(183): Illuminate/Foundation/Http/Middleware/PreventRequestsDuringMaintenance->handle(Object(Illuminate/Http/Request), Object(Closure))
#41 C:/xampp/htdocs/speakout-api/vendor/laravel/framework/src/Illuminate/Http/Middleware/HandleCors.php(62): Illuminate/Pipeline/Pipeline->Illuminate/Pipeline/{closure}(Object(Illuminate/Http/Request))
#42 C:/xampp/htdocs/speakout-api/vendor/laravel/framework/src/Illuminate/Pipeline/Pipeline.php(183): Illuminate/Http/Middleware/HandleCors->handle(Object(Illuminate/Http/Request), Object(Closure))
#43 C:/xampp/htdocs/speakout-api/vendor/laravel/framework/src/Illuminate/Http/Middleware/TrustProxies.php(39): Illuminate/Pipeline/Pipeline->Illuminate/Pipeline/{closure}(Object(Illuminate/Http/Request))
#44 C:/xampp/htdocs/speakout-api/vendor/laravel/framework/src/Illuminate/Pipeline/Pipeline.php(183): Illuminate/Http/Middleware/TrustProxies->handle(Object(Illuminate/Http/Request), Object(Closure))
#45 C:/xampp/htdocs/speakout-api/vendor/laravel/framework/src/Illuminate/Pipeline/Pipeline.php(119): Illuminate/Pipeline/Pipeline->Illuminate/Pipeline/{closure}(Object(Illuminate/Http/Request))
#46 C:/xampp/htdocs/speakout-api/vendor/laravel/framework/src/Illuminate/Foundation/Http/Kernel.php(175): Illuminate/Pipeline/Pipeline->then(Object(Closure))
#47 C:/xampp/htdocs/speakout-api/vendor/laravel/framework/src/Illuminate/Foundation/Http/Kernel.php(144): Illuminate/Foundation/Http/Kernel->sendRequestThroughRouter(Object(Illuminate/Http/Request))
#48 C:/xampp/htdocs/speakout-api/public/index.php(52): Illuminate/Foundation/Http/Kernel->handle(Object(Illuminate/Http/Request))
#49 C:/xampp/htdocs/speakout-api/vendor/laravel/framework/src/Illuminate/Foundation/resources/server.php(16): require_once('C://xampp//htdocs...')
#50 {main}

[previous exception] [object] (PDOException(code: 2002): SQLSTATE[HY000] [2002] No connection could be made because the target machine actively refused it at C:/xampp/htdocs/speakout-api/vendor/laravel/framework/src/Illuminate/Database/Connectors/Connector.php:65)
[stacktrace]
#0 C:/xampp/htdocs/speakout-api/vendor/laravel/framework/src/Illuminate/Database/Connectors/Connector.php(65): PDO->__construct('mysql:host=127....', 'root', '', Array)
#1 C:/xampp/htdocs/speakout-api/vendor/laravel/framework/src/Illuminate/Database/Connectors/Connector.php(83): Illuminate/Database/Connectors/Connector->createPdoConnection('mysql:host=127....', 'root', '', Array)
#2 C:/xampp/htdocs/speakout-api/vendor/laravel/framework/src/Illuminate/Database/Connectors/Connector.php(49): Illuminate/Database/Connectors/Connector->tryAgainIfCausedByLostConnection(Object(PDOException), 'mysql:host=127....', 'root', '', Array)
#3 C:/xampp/htdocs/speakout-api/vendor/laravel/framework/src/Illuminate/Database/Connectors/MySqlConnector.php(24): Illuminate/Database/Connectors/Connector->createConnection('mysql:host=127....', Array, Array)
#4 C:/xampp/htdocs/speakout-api/vendor/laravel/framework/src/Illuminate/Database/Connectors/ConnectionFactory.php(184): Illuminate/Database/Connectors/MySqlConnector->connect(Array)
#5 [internal function]: Illuminate/Database/Connectors/ConnectionFactory->Illuminate/Database/Connectors/{closure}()
#6 C:/xampp/htdocs/speakout-api/vendor/laravel/framework/src/Illuminate/Database/Connection.php(1339): call_user_func(Object(Closure))
#7 C:/xampp/htdocs/speakout-api/vendor/laravel/framework/src/Illuminate/Database/Connection.php(1375): Illuminate/Database/Connection->getPdo()
#8 C:/xampp/htdocs/speakout-api/vendor/laravel/framework/src/Illuminate/Database/Connection.php(528): Illuminate/Database/Connection->getReadPdo()
#9 C:/xampp/htdocs/speakout-api/vendor/laravel/framework/src/Illuminate/Database/Connection.php(423): Illuminate/Database/Connection->getPdoForSelect(true)
#10 C:/xampp/htdocs/speakout-api/vendor/laravel/framework/src/Illuminate/Database/Connection.php(816): Illuminate/Database/Connection->Illuminate/Database/{closure}('select * from `...', Array)
#11 C:/xampp/htdocs/speakout-api/vendor/laravel/framework/src/Illuminate/Database/Connection.php(983): Illuminate/Database/Connection->runQueryCallback('select * from `...', Array, Object(Closure))
#12 C:/xampp/htdocs/speakout-api/vendor/laravel/framework/src/Illuminate/Database/Connection.php(963): Illuminate/Database/Connection->tryAgainIfCausedByLostConnection(Object(Illuminate/Database/QueryException), 'select * from `...', Array, Object(Closure))
#13 C:/xampp/htdocs/speakout-api/vendor/laravel/framework/src/Illuminate/Database/Connection.php(786): Illuminate/Database/Connection->handleQueryException(Object(Illuminate/Database/QueryException), 'select * from `...', Array, Object(Closure))
#14 C:/xampp/htdocs/speakout-api/vendor/laravel/framework/src/Illuminate/Database/Connection.php(431): Illuminate/Database/Connection->run('select * from `...', Array, Object(Closure))
#15 C:/xampp/htdocs/speakout-api/vendor/laravel/framework/src/Illuminate/Database/Query/Builder.php(2914): Illuminate/Database/Connection->select('select * from `...', Array, true)
#16 C:/xampp/htdocs/speakout-api/vendor/laravel/framework/src/Illuminate/Database/Query/Builder.php(2902): Illuminate/Database/Query/Builder->runSelect()
#17 C:/xampp/htdocs/speakout-api/vendor/laravel/framework/src/Illuminate/Database/Query/Builder.php(3456): Illuminate/Database/Query/Builder->Illuminate/Database/Query/{closure}()
#18 C:/xampp/htdocs/speakout-api/vendor/laravel/framework/src/Illuminate/Database/Query/Builder.php(2903): Illuminate/Database/Query/Builder->onceWithColumns(Array, Object(Closure))
#19 C:/xampp/htdocs/speakout-api/vendor/laravel/framework/src/Illuminate/Database/Eloquent/Builder.php(739): Illuminate/Database/Query/Builder->get(Array)
#20 C:/xampp/htdocs/speakout-api/vendor/laravel/framework/src/Illuminate/Database/Eloquent/Builder.php(723): Illuminate/Database/Eloquent/Builder->getModels(Array)
#21 C:/xampp/htdocs/speakout-api/vendor/laravel/framework/src/Illuminate/Database/Concerns/BuildsQueries.php(333): Illuminate/Database/Eloquent/Builder->get(Array)
#22 C:/xampp/htdocs/speakout-api/app/Http/Controllers/Api/AuthController.php(57): Illuminate/Database/Eloquent/Builder->first()
#23 C:/xampp/htdocs/speakout-api/vendor/laravel/framework/src/Illuminate/Routing/Controller.php(54): App/Http/Controllers/Api/AuthController->login(Object(Illuminate/Http/Request))
#24 C:/xampp/htdocs/speakout-api/vendor/laravel/framework/src/Illuminate/Routing/ControllerDispatcher.php(43): Illuminate/Routing/Controller->callAction('login', Array)
#25 C:/xampp/htdocs/speakout-api/vendor/laravel/framework/src/Illuminate/Routing/Route.php(260): Illuminate/Routing/ControllerDispatcher->dispatch(Object(Illuminate/Routing/Route), Object(App/Http/Controllers/Api/AuthController), 'login')
#26 C:/xampp/htdocs/speakout-api/vendor/laravel/framework/src/Illuminate/Routing/Route.php(205): Illuminate/Routing/Route->runController()
#27 C:/xampp/htdocs/speakout-api/vendor/laravel/framework/src/Illuminate/Routing/Router.php(806): Illuminate/Routing/Route->run()
#28 C:/xampp/htdocs/speakout-api/vendor/laravel/framework/src/Illuminate/Pipeline/Pipeline.php(144): Illuminate/Routing/Router->Illuminate/Routing/{closure}(Object(Illuminate/Http/Request))
#29 C:/xampp/htdocs/speakout-api/vendor/laravel/framework/src/Illuminate/Routing/Middleware/SubstituteBindings.php(50): Illuminate/Pipeline/Pipeline->Illuminate/Pipeline/{closure}(Object(Illuminate/Http/Request))
#30 C:/xampp/htdocs/speakout-api/vendor/laravel/framework/src/Illuminate/Pipeline/Pipeline.php(183): Illuminate/Routing/Middleware/SubstituteBindings->handle(Object(Illuminate/Http/Request), Object(Closure))
#31 C:/xampp/htdocs/speakout-api/vendor/laravel/framework/src/Illuminate/Routing/Middleware/ThrottleRequests.php(159): Illuminate/Pipeline/Pipeline->Illuminate/Pipeline/{closure}(Object(Illuminate/Http/Request))
#32 C:/xampp/htdocs/speakout-api/vendor/laravel/framework/src/Illuminate/Routing/Middleware/ThrottleRequests.php(135): Illuminate/Routing/Middleware/ThrottleRequests->handleRequest(Object(Illuminate/Http/Request), Object(Closure), Array)
#33 C:/xampp/htdocs/speakout-api/vendor/laravel/framework/src/Illuminate/Routing/Middleware/ThrottleRequests.php(87): Illuminate/Routing/Middleware/ThrottleRequests->handleRequestUsingNamedLimiter(Object(Illuminate/Http/Request), Object(Closure), 'api', Object(Closure))
#34 C:/xampp/htdocs/speakout-api/vendor/laravel/framework/src/Illuminate/Pipeline/Pipeline.php(183): Illuminate/Routing/Middleware/ThrottleRequests->handle(Object(Illuminate/Http/Request), Object(Closure), 'api')
#35 C:/xampp/htdocs/speakout-api/vendor/laravel/framework/src/Illuminate/Pipeline/Pipeline.php(119): Illuminate/Pipeline/Pipeline->Illuminate/Pipeline/{closure}(Object(Illuminate/Http/Request))
#36 C:/xampp/htdocs/speakout-api/vendor/laravel/framework/src/Illuminate/Routing/Router.php(807): Illuminate/Pipeline/Pipeline->then(Object(Closure))
#37 C:/xampp/htdocs/speakout-api/vendor/laravel/framework/src/Illuminate/Routing/Router.php(784): Illuminate/Routing/Router->runRouteWithinStack(Object(Illuminate/Routing/Route), Object(Illuminate/Http/Request))
#38 C:/xampp/htdocs/speakout-api/vendor/laravel/framework/src/Illuminate/Routing/Router.php(748): Illuminate/Routing/Router->runRoute(Object(Illuminate/Http/Request), Object(Illuminate/Routing/Route))
#39 C:/xampp/htdocs/speakout-api/vendor/laravel/framework/src/Illuminate/Routing/Router.php(737): Illuminate/Routing/Router->dispatchToRoute(Object(Illuminate/Http/Request))
#40 C:/xampp/htdocs/speakout-api/vendor/laravel/framework/src/Illuminate/Foundation/Http/Kernel.php(200): Illuminate/Routing/Router->dispatch(Object(Illuminate/Http/Request))
#41 C:/xampp/htdocs/speakout-api/vendor/laravel/framework/src/Illuminate/Pipeline/Pipeline.php(144): Illuminate/Foundation/Http/Kernel->Illuminate/Foundation/Http/{closure}(Object(Illuminate/Http/Request))
#42 C:/xampp/htdocs/speakout-api/vendor/laravel/framework/src/Illuminate/Foundation/Http/Middleware/TransformsRequest.php(21): Illuminate/Pipeline/Pipeline->Illuminate/Pipeline/{closure}(Object(Illuminate/Http/Request))
#43 C:/xampp/htdocs/speakout-api/vendor/laravel/framework/src/Illuminate/Foundation/Http/Middleware/ConvertEmptyStringsToNull.php(31): Illuminate/Foundation/Http/Middleware/TransformsRequest->handle(Object(Illuminate/Http/Request), Object(Closure))
#44 C:/xampp/htdocs/speakout-api/vendor/laravel/framework/src/Illuminate/Pipeline/Pipeline.php(183): Illuminate/Foundation/Http/Middleware/ConvertEmptyStringsToNull->handle(Object(Illuminate/Http/Request), Object(Closure))
#45 C:/xampp/htdocs/speakout-api/vendor/laravel/framework/src/Illuminate/Foundation/Http/Middleware/TransformsRequest.php(21): Illuminate/Pipeline/Pipeline->Illuminate/Pipeline/{closure}(Object(Illuminate/Http/Request))
#46 C:/xampp/htdocs/speakout-api/vendor/laravel/framework/src/Illuminate/Foundation/Http/Middleware/TrimStrings.php(40): Illuminate/Foundation/Http/Middleware/TransformsRequest->handle(Object(Illuminate/Http/Request), Object(Closure))
#47 C:/xampp/htdocs/speakout-api/vendor/laravel/framework/src/Illuminate/Pipeline/Pipeline.php(183): Illuminate/Foundation/Http/Middleware/TrimStrings->handle(Object(Illuminate/Http/Request), Object(Closure))
#48 C:/xampp/htdocs/speakout-api/vendor/laravel/framework/src/Illuminate/Foundation/Http/Middleware/ValidatePostSize.php(27): Illuminate/Pipeline/Pipeline->Illuminate/Pipeline/{closure}(Object(Illuminate/Http/Request))
#49 C:/xampp/htdocs/speakout-api/vendor/laravel/framework/src/Illuminate/Pipeline/Pipeline.php(183): Illuminate/Foundation/Http/Middleware/ValidatePostSize->handle(Object(Illuminate/Http/Request), Object(Closure))
#50 C:/xampp/htdocs/speakout-api/vendor/laravel/framework/src/Illuminate/Foundation/Http/Middleware/PreventRequestsDuringMaintenance.php(99): Illuminate/Pipeline/Pipeline->Illuminate/Pipeline/{closure}(Object(Illuminate/Http/Request))
#51 C:/xampp/htdocs/speakout-api/vendor/laravel/framework/src/Illuminate/Pipeline/Pipeline.php(183): Illuminate/Foundation/Http/Middleware/PreventRequestsDuringMaintenance->handle(Object(Illuminate/Http/Request), Object(Closure))
#52 C:/xampp/htdocs/speakout-api/vendor/laravel/framework/src/Illuminate/Http/Middleware/HandleCors.php(62): Illuminate/Pipeline/Pipeline->Illuminate/Pipeline/{closure}(Object(Illuminate/Http/Request))
#53 C:/xampp/htdocs/speakout-api/vendor/laravel/framework/src/Illuminate/Pipeline/Pipeline.php(183): Illuminate/Http/Middleware/HandleCors->handle(Object(Illuminate/Http/Request), Object(Closure))
#54 C:/xampp/htdocs/speakout-api/vendor/laravel/framework/src/Illuminate/Http/Middleware/TrustProxies.php(39): Illuminate/Pipeline/Pipeline->Illuminate/Pipeline/{closure}(Object(Illuminate/Http/Request))
#55 C:/xampp/htdocs/speakout-api/vendor/laravel/framework/src/Illuminate/Pipeline/Pipeline.php(183): Illuminate/Http/Middleware/TrustProxies->handle(Object(Illuminate/Http/Request), Object(Closure))
#56 C:/xampp/htdocs/speakout-api/vendor/laravel/framework/src/Illuminate/Pipeline/Pipeline.php(119): Illuminate/Pipeline/Pipeline->Illuminate/Pipeline/{closure}(Object(Illuminate/Http/Request))
#57 C:/xampp/htdocs/speakout-api/vendor/laravel/framework/src/Illuminate/Foundation/Http/Kernel.php(175): Illuminate/Pipeline/Pipeline->then(Object(Closure))
#58 C:/xampp/htdocs/speakout-api/vendor/laravel/framework/src/Illuminate/Foundation/Http/Kernel.php(144): Illuminate/Foundation/Http/Kernel->sendRequestThroughRouter(Object(Illuminate/Http/Request))
#59 C:/xampp/htdocs/speakout-api/public/index.php(52): Illuminate/Foundation/Http/Kernel->handle(Object(Illuminate/Http/Request))
#60 C:/xampp/htdocs/speakout-api/vendor/laravel/framework/src/Illuminate/Foundation/resources/server.php(16): require_once('C://xampp//htdocs...')
#61 {main}
"} 
[2026-06-17 00:56:51] local.ERROR: SQLSTATE[HY000] [2006] MySQL server has gone away (Connection: mysql, SQL: select * from `users` where `email` = drian@test.com limit 1) {"exception":"[object] (Illuminate\\Database\\QueryException(code: 2006): SQLSTATE[HY000] [2006] MySQL server has gone away (Connection: mysql, SQL: select * from `users` where `email` = drian@test.com limit 1) at C:/xampp/htdocs/speakout-api/vendor/laravel/framework/src/Illuminate/Database/Connection.php:829)
[stacktrace]
#0 C:/xampp/htdocs/speakout-api/vendor/laravel/framework/src/Illuminate/Database/Connection.php(983): Illuminate/Database/Connection->runQueryCallback('select * from `...', Array, Object(Closure))
#1 C:/xampp/htdocs/speakout-api/vendor/laravel/framework/src/Illuminate/Database/Connection.php(963): Illuminate/Database/Connection->tryAgainIfCausedByLostConnection(Object(Illuminate/Database/QueryException), 'select * from `...', Array, Object(Closure))
#2 C:/xampp/htdocs/speakout-api/vendor/laravel/framework/src/Illuminate/Database/Connection.php(786): Illuminate/Database/Connection->handleQueryException(Object(Illuminate/Database/QueryException), 'select * from `...', Array, Object(Closure))
#3 C:/xampp/htdocs/speakout-api/vendor/laravel/framework/src/Illuminate/Database/Connection.php(431): Illuminate/Database/Connection->run('select * from `...', Array, Object(Closure))
#4 C:/xampp/htdocs/speakout-api/vendor/laravel/framework/src/Illuminate/Database/Query/Builder.php(2914): Illuminate/Database/Connection->select('select * from `...', Array, true)
#5 C:/xampp/htdocs/speakout-api/vendor/laravel/framework/src/Illuminate/Database/Query/Builder.php(2902): Illuminate/Database/Query/Builder->runSelect()
#6 C:/xampp/htdocs/speakout-api/vendor/laravel/framework/src/Illuminate/Database/Query/Builder.php(3456): Illuminate/Database/Query/Builder->Illuminate/Database/Query/{closure}()
#7 C:/xampp/htdocs/speakout-api/vendor/laravel/framework/src/Illuminate/Database/Query/Builder.php(2903): Illuminate/Database/Query/Builder->onceWithColumns(Array, Object(Closure))
#8 C:/xampp/htdocs/speakout-api/vendor/laravel/framework/src/Illuminate/Database/Eloquent/Builder.php(739): Illuminate/Database/Query/Builder->get(Array)
#9 C:/xampp/htdocs/speakout-api/vendor/laravel/framework/src/Illuminate/Database/Eloquent/Builder.php(723): Illuminate/Database/Eloquent/Builder->getModels(Array)
#10 C:/xampp/htdocs/speakout-api/vendor/laravel/framework/src/Illuminate/Database/Concerns/BuildsQueries.php(333): Illuminate/Database/Eloquent/Builder->get(Array)
#11 C:/xampp/htdocs/speakout-api/app/Http/Controllers/Api/AuthController.php(57): Illuminate/Database/Eloquent/Builder->first()
#12 C:/xampp/htdocs/speakout-api/vendor/laravel/framework/src/Illuminate/Routing/Controller.php(54): App/Http/Controllers/Api/AuthController->login(Object(Illuminate/Http/Request))
#13 C:/xampp/htdocs/speakout-api/vendor/laravel/framework/src/Illuminate/Routing/ControllerDispatcher.php(43): Illuminate/Routing/Controller->callAction('login', Array)
#14 C:/xampp/htdocs/speakout-api/vendor/laravel/framework/src/Illuminate/Routing/Route.php(260): Illuminate/Routing/ControllerDispatcher->dispatch(Object(Illuminate/Routing/Route), Object(App/Http/Controllers/Api/AuthController), 'login')
#15 C:/xampp/htdocs/speakout-api/vendor/laravel/framework/src/Illuminate/Routing/Route.php(205): Illuminate/Routing/Route->runController()
#16 C:/xampp/htdocs/speakout-api/vendor/laravel/framework/src/Illuminate/Routing/Router.php(806): Illuminate/Routing/Route->run()
#17 C:/xampp/htdocs/speakout-api/vendor/laravel/framework/src/Illuminate/Pipeline/Pipeline.php(144): Illuminate/Routing/Router->Illuminate/Routing/{closure}(Object(Illuminate/Http/Request))
#18 C:/xampp/htdocs/speakout-api/vendor/laravel/framework/src/Illuminate/Routing/Middleware/SubstituteBindings.php(50): Illuminate/Pipeline/Pipeline->Illuminate/Pipeline/{closure}(Object(Illuminate/Http/Request))
#19 C:/xampp/htdocs/speakout-api/vendor/laravel/framework/src/Illuminate/Pipeline/Pipeline.php(183): Illuminate/Routing/Middleware/SubstituteBindings->handle(Object(Illuminate/Http/Request), Object(Closure))
#20 C:/xampp/htdocs/speakout-api/vendor/laravel/framework/src/Illuminate/Routing/Middleware/ThrottleRequests.php(159): Illuminate/Pipeline/Pipeline->Illuminate/Pipeline/{closure}(Object(Illuminate/Http/Request))
#21 C:/xampp/htdocs/speakout-api/vendor/laravel/framework/src/Illuminate/Routing/Middleware/ThrottleRequests.php(135): Illuminate/Routing/Middleware/ThrottleRequests->handleRequest(Object(Illuminate/Http/Request), Object(Closure), Array)
#22 C:/xampp/htdocs/speakout-api/vendor/laravel/framework/src/Illuminate/Routing/Middleware/ThrottleRequests.php(87): Illuminate/Routing/Middleware/ThrottleRequests->handleRequestUsingNamedLimiter(Object(Illuminate/Http/Request), Object(Closure), 'api', Object(Closure))
#23 C:/xampp/htdocs/speakout-api/vendor/laravel/framework/src/Illuminate/Pipeline/Pipeline.php(183): Illuminate/Routing/Middleware/ThrottleRequests->handle(Object(Illuminate/Http/Request), Object(Closure), 'api')
#24 C:/xampp/htdocs/speakout-api/vendor/laravel/framework/src/Illuminate/Pipeline/Pipeline.php(119): Illuminate/Pipeline/Pipeline->Illuminate/Pipeline/{closure}(Object(Illuminate/Http/Request))
#25 C:/xampp/htdocs/speakout-api/vendor/laravel/framework/src/Illuminate/Routing/Router.php(807): Illuminate/Pipeline/Pipeline->then(Object(Closure))
#26 C:/xampp/htdocs/speakout-api/vendor/laravel/framework/src/Illuminate/Routing/Router.php(784): Illuminate/Routing/Router->runRouteWithinStack(Object(Illuminate/Routing/Route), Object(Illuminate/Http/Request))
#27 C:/xampp/htdocs/speakout-api/vendor/laravel/framework/src/Illuminate/Routing/Router.php(748): Illuminate/Routing/Router->runRoute(Object(Illuminate/Http/Request), Object(Illuminate/Routing/Route))
#28 C:/xampp/htdocs/speakout-api/vendor/laravel/framework/src/Illuminate/Routing/Router.php(737): Illuminate/Routing/Router->dispatchToRoute(Object(Illuminate/Http/Request))
#29 C:/xampp/htdocs/speakout-api/vendor/laravel/framework/src/Illuminate/Foundation/Http/Kernel.php(200): Illuminate/Routing/Router->dispatch(Object(Illuminate/Http/Request))
#30 C:/xampp/htdocs/speakout-api/vendor/laravel/framework/src/Illuminate/Pipeline/Pipeline.php(144): Illuminate/Foundation/Http/Kernel->Illuminate/Foundation/Http/{closure}(Object(Illuminate/Http/Request))
#31 C:/xampp/htdocs/speakout-api/vendor/laravel/framework/src/Illuminate/Foundation/Http/Middleware/TransformsRequest.php(21): Illuminate/Pipeline/Pipeline->Illuminate/Pipeline/{closure}(Object(Illuminate/Http/Request))
#32 C:/xampp/htdocs/speakout-api/vendor/laravel/framework/src/Illuminate/Foundation/Http/Middleware/ConvertEmptyStringsToNull.php(31): Illuminate/Foundation/Http/Middleware/TransformsRequest->handle(Object(Illuminate/Http/Request), Object(Closure))
#33 C:/xampp/htdocs/speakout-api/vendor/laravel/framework/src/Illuminate/Pipeline/Pipeline.php(183): Illuminate/Foundation/Http/Middleware/ConvertEmptyStringsToNull->handle(Object(Illuminate/Http/Request), Object(Closure))
#34 C:/xampp/htdocs/speakout-api/vendor/laravel/framework/src/Illuminate/Foundation/Http/Middleware/TransformsRequest.php(21): Illuminate/Pipeline/Pipeline->Illuminate/Pipeline/{closure}(Object(Illuminate/Http/Request))
#35 C:/xampp/htdocs/speakout-api/vendor/laravel/framework/src/Illuminate/Foundation/Http/Middleware/TrimStrings.php(40): Illuminate/Foundation/Http/Middleware/TransformsRequest->handle(Object(Illuminate/Http/Request), Object(Closure))
#36 C:/xampp/htdocs/speakout-api/vendor/laravel/framework/src/Illuminate/Pipeline/Pipeline.php(183): Illuminate/Foundation/Http/Middleware/TrimStrings->handle(Object(Illuminate/Http/Request), Object(Closure))
#37 C:/xampp/htdocs/speakout-api/vendor/laravel/framework/src/Illuminate/Foundation/Http/Middleware/ValidatePostSize.php(27): Illuminate/Pipeline/Pipeline->Illuminate/Pipeline/{closure}(Object(Illuminate/Http/Request))
#38 C:/xampp/htdocs/speakout-api/vendor/laravel/framework/src/Illuminate/Pipeline/Pipeline.php(183): Illuminate/Foundation/Http/Middleware/ValidatePostSize->handle(Object(Illuminate/Http/Request), Object(Closure))
#39 C:/xampp/htdocs/speakout-api/vendor/laravel/framework/src/Illuminate/Foundation/Http/Middleware/PreventRequestsDuringMaintenance.php(99): Illuminate/Pipeline/Pipeline->Illuminate/Pipeline/{closure}(Object(Illuminate/Http/Request))
#40 C:/xampp/htdocs/speakout-api/vendor/laravel/framework/src/Illuminate/Pipeline/Pipeline.php(183): Illuminate/Foundation/Http/Middleware/PreventRequestsDuringMaintenance->handle(Object(Illuminate/Http/Request), Object(Closure))
#41 C:/xampp/htdocs/speakout-api/vendor/laravel/framework/src/Illuminate/Http/Middleware/HandleCors.php(62): Illuminate/Pipeline/Pipeline->Illuminate/Pipeline/{closure}(Object(Illuminate/Http/Request))
#42 C:/xampp/htdocs/speakout-api/vendor/laravel/framework/src/Illuminate/Pipeline/Pipeline.php(183): Illuminate/Http/Middleware/HandleCors->handle(Object(Illuminate/Http/Request), Object(Closure))
#43 C:/xampp/htdocs/speakout-api/vendor/laravel/framework/src/Illuminate/Http/Middleware/TrustProxies.php(39): Illuminate/Pipeline/Pipeline->Illuminate/Pipeline/{closure}(Object(Illuminate/Http/Request))
#44 C:/xampp/htdocs/speakout-api/vendor/laravel/framework/src/Illuminate/Pipeline/Pipeline.php(183): Illuminate/Http/Middleware/TrustProxies->handle(Object(Illuminate/Http/Request), Object(Closure))
#45 C:/xampp/htdocs/speakout-api/vendor/laravel/framework/src/Illuminate/Pipeline/Pipeline.php(119): Illuminate/Pipeline/Pipeline->Illuminate/Pipeline/{closure}(Object(Illuminate/Http/Request))
#46 C:/xampp/htdocs/speakout-api/vendor/laravel/framework/src/Illuminate/Foundation/Http/Kernel.php(175): Illuminate/Pipeline/Pipeline->then(Object(Closure))
#47 C:/xampp/htdocs/speakout-api/vendor/laravel/framework/src/Illuminate/Foundation/Http/Kernel.php(144): Illuminate/Foundation/Http/Kernel->sendRequestThroughRouter(Object(Illuminate/Http/Request))
#48 C:/xampp/htdocs/speakout-api/public/index.php(52): Illuminate/Foundation/Http/Kernel->handle(Object(Illuminate/Http/Request))
#49 C:/xampp/htdocs/speakout-api/vendor/laravel/framework/src/Illuminate/Foundation/resources/server.php(16): require_once('C://xampp//htdocs...')
#50 {main}

[previous exception] [object] (PDOException(code: 2006): SQLSTATE[HY000] [2006] MySQL server has gone away at C:/xampp/htdocs/speakout-api/vendor/laravel/framework/src/Illuminate/Database/Connectors/Connector.php:65)
[stacktrace]
#0 C:/xampp/htdocs/speakout-api/vendor/laravel/framework/src/Illuminate/Database/Connectors/Connector.php(65): PDO->__construct('mysql:host=127....', 'root', '', Array)
#1 C:/xampp/htdocs/speakout-api/vendor/laravel/framework/src/Illuminate/Database/Connectors/Connector.php(83): Illuminate/Database/Connectors/Connector->createPdoConnection('mysql:host=127....', 'root', '', Array)
#2 C:/xampp/htdocs/speakout-api/vendor/laravel/framework/src/Illuminate/Database/Connectors/Connector.php(49): Illuminate/Database/Connectors/Connector->tryAgainIfCausedByLostConnection(Object(PDOException), 'mysql:host=127....', 'root', '', Array)
#3 C:/xampp/htdocs/speakout-api/vendor/laravel/framework/src/Illuminate/Database/Connectors/MySqlConnector.php(24): Illuminate/Database/Connectors/Connector->createConnection('mysql:host=127....', Array, Array)
#4 C:/xampp/htdocs/speakout-api/vendor/laravel/framework/src/Illuminate/Database/Connectors/ConnectionFactory.php(184): Illuminate/Database/Connectors/MySqlConnector->connect(Array)
#5 [internal function]: Illuminate/Database/Connectors/ConnectionFactory->Illuminate/Database/Connectors/{closure}()
#6 C:/xampp/htdocs/speakout-api/vendor/laravel/framework/src/Illuminate/Database/Connection.php(1339): call_user_func(Object(Closure))
#7 C:/xampp/htdocs/speakout-api/vendor/laravel/framework/src/Illuminate/Database/Connection.php(1375): Illuminate/Database/Connection->getPdo()
#8 C:/xampp/htdocs/speakout-api/vendor/laravel/framework/src/Illuminate/Database/Connection.php(528): Illuminate/Database/Connection->getReadPdo()
#9 C:/xampp/htdocs/speakout-api/vendor/laravel/framework/src/Illuminate/Database/Connection.php(423): Illuminate/Database/Connection->getPdoForSelect(true)
#10 C:/xampp/htdocs/speakout-api/vendor/laravel/framework/src/Illuminate/Database/Connection.php(816): Illuminate/Database/Connection->Illuminate/Database/{closure}('select * from `...', Array)
#11 C:/xampp/htdocs/speakout-api/vendor/laravel/framework/src/Illuminate/Database/Connection.php(983): Illuminate/Database/Connection->runQueryCallback('select * from `...', Array, Object(Closure))
#12 C:/xampp/htdocs/speakout-api/vendor/laravel/framework/src/Illuminate/Database/Connection.php(963): Illuminate/Database/Connection->tryAgainIfCausedByLostConnection(Object(Illuminate/Database/QueryException), 'select * from `...', Array, Object(Closure))
#13 C:/xampp/htdocs/speakout-api/vendor/laravel/framework/src/Illuminate/Database/Connection.php(786): Illuminate/Database/Connection->handleQueryException(Object(Illuminate/Database/QueryException), 'select * from `...', Array, Object(Closure))
#14 C:/xampp/htdocs/speakout-api/vendor/laravel/framework/src/Illuminate/Database/Connection.php(431): Illuminate/Database/Connection->run('select * from `...', Array, Object(Closure))
#15 C:/xampp/htdocs/speakout-api/vendor/laravel/framework/src/Illuminate/Database/Query/Builder.php(2914): Illuminate/Database/Connection->select('select * from `...', Array, true)
#16 C:/xampp/htdocs/speakout-api/vendor/laravel/framework/src/Illuminate/Database/Query/Builder.php(2902): Illuminate/Database/Query/Builder->runSelect()
#17 C:/xampp/htdocs/speakout-api/vendor/laravel/framework/src/Illuminate/Database/Query/Builder.php(3456): Illuminate/Database/Query/Builder->Illuminate/Database/Query/{closure}()
#18 C:/xampp/htdocs/speakout-api/vendor/laravel/framework/src/Illuminate/Database/Query/Builder.php(2903): Illuminate/Database/Query/Builder->onceWithColumns(Array, Object(Closure))
#19 C:/xampp/htdocs/speakout-api/vendor/laravel/framework/src/Illuminate/Database/Eloquent/Builder.php(739): Illuminate/Database/Query/Builder->get(Array)
#20 C:/xampp/htdocs/speakout-api/vendor/laravel/framework/src/Illuminate/Database/Eloquent/Builder.php(723): Illuminate/Database/Eloquent/Builder->getModels(Array)
#21 C:/xampp/htdocs/speakout-api/vendor/laravel/framework/src/Illuminate/Database/Concerns/BuildsQueries.php(333): Illuminate/Database/Eloquent/Builder->get(Array)
#22 C:/xampp/htdocs/speakout-api/app/Http/Controllers/Api/AuthController.php(57): Illuminate/Database/Eloquent/Builder->first()
#23 C:/xampp/htdocs/speakout-api/vendor/laravel/framework/src/Illuminate/Routing/Controller.php(54): App/Http/Controllers/Api/AuthController->login(Object(Illuminate/Http/Request))
#24 C:/xampp/htdocs/speakout-api/vendor/laravel/framework/src/Illuminate/Routing/ControllerDispatcher.php(43): Illuminate/Routing/Controller->callAction('login', Array)
#25 C:/xampp/htdocs/speakout-api/vendor/laravel/framework/src/Illuminate/Routing/Route.php(260): Illuminate/Routing/ControllerDispatcher->dispatch(Object(Illuminate/Routing/Route), Object(App/Http/Controllers/Api/AuthController), 'login')
#26 C:/xampp/htdocs/speakout-api/vendor/laravel/framework/src/Illuminate/Routing/Route.php(205): Illuminate/Routing/Route->runController()
#27 C:/xampp/htdocs/speakout-api/vendor/laravel/framework/src/Illuminate/Routing/Router.php(806): Illuminate/Routing/Route->run()
#28 C:/xampp/htdocs/speakout-api/vendor/laravel/framework/src/Illuminate/Pipeline/Pipeline.php(144): Illuminate/Routing/Router->Illuminate/Routing/{closure}(Object(Illuminate/Http/Request))
#29 C:/xampp/htdocs/speakout-api/vendor/laravel/framework/src/Illuminate/Routing/Middleware/SubstituteBindings.php(50): Illuminate/Pipeline/Pipeline->Illuminate/Pipeline/{closure}(Object(Illuminate/Http/Request))
#30 C:/xampp/htdocs/speakout-api/vendor/laravel/framework/src/Illuminate/Pipeline/Pipeline.php(183): Illuminate/Routing/Middleware/SubstituteBindings->handle(Object(Illuminate/Http/Request), Object(Closure))
#31 C:/xampp/htdocs/speakout-api/vendor/laravel/framework/src/Illuminate/Routing/Middleware/ThrottleRequests.php(159): Illuminate/Pipeline/Pipeline->Illuminate/Pipeline/{closure}(Object(Illuminate/Http/Request))
#32 C:/xampp/htdocs/speakout-api/vendor/laravel/framework/src/Illuminate/Routing/Middleware/ThrottleRequests.php(135): Illuminate/Routing/Middleware/ThrottleRequests->handleRequest(Object(Illuminate/Http/Request), Object(Closure), Array)
#33 C:/xampp/htdocs/speakout-api/vendor/laravel/framework/src/Illuminate/Routing/Middleware/ThrottleRequests.php(87): Illuminate/Routing/Middleware/ThrottleRequests->handleRequestUsingNamedLimiter(Object(Illuminate/Http/Request), Object(Closure), 'api', Object(Closure))
#34 C:/xampp/htdocs/speakout-api/vendor/laravel/framework/src/Illuminate/Pipeline/Pipeline.php(183): Illuminate/Routing/Middleware/ThrottleRequests->handle(Object(Illuminate/Http/Request), Object(Closure), 'api')
#35 C:/xampp/htdocs/speakout-api/vendor/laravel/framework/src/Illuminate/Pipeline/Pipeline.php(119): Illuminate/Pipeline/Pipeline->Illuminate/Pipeline/{closure}(Object(Illuminate/Http/Request))
#36 C:/xampp/htdocs/speakout-api/vendor/laravel/framework/src/Illuminate/Routing/Router.php(807): Illuminate/Pipeline/Pipeline->then(Object(Closure))
#37 C:/xampp/htdocs/speakout-api/vendor/laravel/framework/src/Illuminate/Routing/Router.php(784): Illuminate/Routing/Router->runRouteWithinStack(Object(Illuminate/Routing/Route), Object(Illuminate/Http/Request))
#38 C:/xampp/htdocs/speakout-api/vendor/laravel/framework/src/Illuminate/Routing/Router.php(748): Illuminate/Routing/Router->runRoute(Object(Illuminate/Http/Request), Object(Illuminate/Routing/Route))
#39 C:/xampp/htdocs/speakout-api/vendor/laravel/framework/src/Illuminate/Routing/Router.php(737): Illuminate/Routing/Router->dispatchToRoute(Object(Illuminate/Http/Request))
#40 C:/xampp/htdocs/speakout-api/vendor/laravel/framework/src/Illuminate/Foundation/Http/Kernel.php(200): Illuminate/Routing/Router->dispatch(Object(Illuminate/Http/Request))
#41 C:/xampp/htdocs/speakout-api/vendor/laravel/framework/src/Illuminate/Pipeline/Pipeline.php(144): Illuminate/Foundation/Http/Kernel->Illuminate/Foundation/Http/{closure}(Object(Illuminate/Http/Request))
#42 C:/xampp/htdocs/speakout-api/vendor/laravel/framework/src/Illuminate/Foundation/Http/Middleware/TransformsRequest.php(21): Illuminate/Pipeline/Pipeline->Illuminate/Pipeline/{closure}(Object(Illuminate/Http/Request))
#43 C:/xampp/htdocs/speakout-api/vendor/laravel/framework/src/Illuminate/Foundation/Http/Middleware/ConvertEmptyStringsToNull.php(31): Illuminate/Foundation/Http/Middleware/TransformsRequest->handle(Object(Illuminate/Http/Request), Object(Closure))
#44 C:/xampp/htdocs/speakout-api/vendor/laravel/framework/src/Illuminate/Pipeline/Pipeline.php(183): Illuminate/Foundation/Http/Middleware/ConvertEmptyStringsToNull->handle(Object(Illuminate/Http/Request), Object(Closure))
#45 C:/xampp/htdocs/speakout-api/vendor/laravel/framework/src/Illuminate/Foundation/Http/Middleware/TransformsRequest.php(21): Illuminate/Pipeline/Pipeline->Illuminate/Pipeline/{closure}(Object(Illuminate/Http/Request))
#46 C:/xampp/htdocs/speakout-api/vendor/laravel/framework/src/Illuminate/Foundation/Http/Middleware/TrimStrings.php(40): Illuminate/Foundation/Http/Middleware/TransformsRequest->handle(Object(Illuminate/Http/Request), Object(Closure))
#47 C:/xampp/htdocs/speakout-api/vendor/laravel/framework/src/Illuminate/Pipeline/Pipeline.php(183): Illuminate/Foundation/Http/Middleware/TrimStrings->handle(Object(Illuminate/Http/Request), Object(Closure))
#48 C:/xampp/htdocs/speakout-api/vendor/laravel/framework/src/Illuminate/Foundation/Http/Middleware/ValidatePostSize.php(27): Illuminate/Pipeline/Pipeline->Illuminate/Pipeline/{closure}(Object(Illuminate/Http/Request))
#49 C:/xampp/htdocs/speakout-api/vendor/laravel/framework/src/Illuminate/Pipeline/Pipeline.php(183): Illuminate/Foundation/Http/Middleware/ValidatePostSize->handle(Object(Illuminate/Http/Request), Object(Closure))
#50 C:/xampp/htdocs/speakout-api/vendor/laravel/framework/src/Illuminate/Foundation/Http/Middleware/PreventRequestsDuringMaintenance.php(99): Illuminate/Pipeline/Pipeline->Illuminate/Pipeline/{closure}(Object(Illuminate/Http/Request))
#51 C:/xampp/htdocs/speakout-api/vendor/laravel/framework/src/Illuminate/Pipeline/Pipeline.php(183): Illuminate/Foundation/Http/Middleware/PreventRequestsDuringMaintenance->handle(Object(Illuminate/Http/Request), Object(Closure))
#52 C:/xampp/htdocs/speakout-api/vendor/laravel/framework/src/Illuminate/Http/Middleware/HandleCors.php(62): Illuminate/Pipeline/Pipeline->Illuminate/Pipeline/{closure}(Object(Illuminate/Http/Request))
#53 C:/xampp/htdocs/speakout-api/vendor/laravel/framework/src/Illuminate/Pipeline/Pipeline.php(183): Illuminate/Http/Middleware/HandleCors->handle(Object(Illuminate/Http/Request), Object(Closure))
#54 C:/xampp/htdocs/speakout-api/vendor/laravel/framework/src/Illuminate/Http/Middleware/TrustProxies.php(39): Illuminate/Pipeline/Pipeline->Illuminate/Pipeline/{closure}(Object(Illuminate/Http/Request))
#55 C:/xampp/htdocs/speakout-api/vendor/laravel/framework/src/Illuminate/Pipeline/Pipeline.php(183): Illuminate/Http/Middleware/TrustProxies->handle(Object(Illuminate/Http/Request), Object(Closure))
#56 C:/xampp/htdocs/speakout-api/vendor/laravel/framework/src/Illuminate/Pipeline/Pipeline.php(119): Illuminate/Pipeline/Pipeline->Illuminate/Pipeline/{closure}(Object(Illuminate/Http/Request))
#57 C:/xampp/htdocs/speakout-api/vendor/laravel/framework/src/Illuminate/Foundation/Http/Kernel.php(175): Illuminate/Pipeline/Pipeline->then(Object(Closure))
#58 C:/xampp/htdocs/speakout-api/vendor/laravel/framework/src/Illuminate/Foundation/Http/Kernel.php(144): Illuminate/Foundation/Http/Kernel->sendRequestThroughRouter(Object(Illuminate/Http/Request))
#59 C:/xampp/htdocs/speakout-api/public/index.php(52): Illuminate/Foundation/Http/Kernel->handle(Object(Illuminate/Http/Request))
#60 C:/xampp/htdocs/speakout-api/vendor/laravel/framework/src/Illuminate/Foundation/resources/server.php(16): require_once('C://xampp//htdocs...')
#61 {main}

[previous exception] [object] (PDOException(code: 0): PDO::__construct(): Error while reading greeting packet. PID=14144 at C:/xampp/htdocs/speakout-api/vendor/laravel/framework/src/Illuminate/Database/Connectors/Connector.php:65)
[stacktrace]
#0 C:/xampp/htdocs/speakout-api/vendor/laravel/framework/src/Illuminate/Database/Connectors/Connector.php(65): PDO->__construct('mysql:host=127....', 'root', '', Array)
#1 C:/xampp/htdocs/speakout-api/vendor/laravel/framework/src/Illuminate/Database/Connectors/Connector.php(83): Illuminate/Database/Connectors/Connector->createPdoConnection('mysql:host=127....', 'root', '', Array)
#2 C:/xampp/htdocs/speakout-api/vendor/laravel/framework/src/Illuminate/Database/Connectors/Connector.php(49): Illuminate/Database/Connectors/Connector->tryAgainIfCausedByLostConnection(Object(PDOException), 'mysql:host=127....', 'root', '', Array)
#3 C:/xampp/htdocs/speakout-api/vendor/laravel/framework/src/Illuminate/Database/Connectors/MySqlConnector.php(24): Illuminate/Database/Connectors/Connector->createConnection('mysql:host=127....', Array, Array)
#4 C:/xampp/htdocs/speakout-api/vendor/laravel/framework/src/Illuminate/Database/Connectors/ConnectionFactory.php(184): Illuminate/Database/Connectors/MySqlConnector->connect(Array)
#5 [internal function]: Illuminate/Database/Connectors/ConnectionFactory->Illuminate/Database/Connectors/{closure}()
#6 C:/xampp/htdocs/speakout-api/vendor/laravel/framework/src/Illuminate/Database/Connection.php(1339): call_user_func(Object(Closure))
#7 C:/xampp/htdocs/speakout-api/vendor/laravel/framework/src/Illuminate/Database/Connection.php(1375): Illuminate/Database/Connection->getPdo()
#8 C:/xampp/htdocs/speakout-api/vendor/laravel/framework/src/Illuminate/Database/Connection.php(528): Illuminate/Database/Connection->getReadPdo()
#9 C:/xampp/htdocs/speakout-api/vendor/laravel/framework/src/Illuminate/Database/Connection.php(423): Illuminate/Database/Connection->getPdoForSelect(true)
#10 C:/xampp/htdocs/speakout-api/vendor/laravel/framework/src/Illuminate/Database/Connection.php(816): Illuminate/Database/Connection->Illuminate/Database/{closure}('select * from `...', Array)
#11 C:/xampp/htdocs/speakout-api/vendor/laravel/framework/src/Illuminate/Database/Connection.php(983): Illuminate/Database/Connection->runQueryCallback('select * from `...', Array, Object(Closure))
#12 C:/xampp/htdocs/speakout-api/vendor/laravel/framework/src/Illuminate/Database/Connection.php(963): Illuminate/Database/Connection->tryAgainIfCausedByLostConnection(Object(Illuminate/Database/QueryException), 'select * from `...', Array, Object(Closure))
#13 C:/xampp/htdocs/speakout-api/vendor/laravel/framework/src/Illuminate/Database/Connection.php(786): Illuminate/Database/Connection->handleQueryException(Object(Illuminate/Database/QueryException), 'select * from `...', Array, Object(Closure))
#14 C:/xampp/htdocs/speakout-api/vendor/laravel/framework/src/Illuminate/Database/Connection.php(431): Illuminate/Database/Connection->run('select * from `...', Array, Object(Closure))
#15 C:/xampp/htdocs/speakout-api/vendor/laravel/framework/src/Illuminate/Database/Query/Builder.php(2914): Illuminate/Database/Connection->select('select * from `...', Array, true)
#16 C:/xampp/htdocs/speakout-api/vendor/laravel/framework/src/Illuminate/Database/Query/Builder.php(2902): Illuminate/Database/Query/Builder->runSelect()
#17 C:/xampp/htdocs/speakout-api/vendor/laravel/framework/src/Illuminate/Database/Query/Builder.php(3456): Illuminate/Database/Query/Builder->Illuminate/Database/Query/{closure}()
#18 C:/xampp/htdocs/speakout-api/vendor/laravel/framework/src/Illuminate/Database/Query/Builder.php(2903): Illuminate/Database/Query/Builder->onceWithColumns(Array, Object(Closure))
#19 C:/xampp/htdocs/speakout-api/vendor/laravel/framework/src/Illuminate/Database/Eloquent/Builder.php(739): Illuminate/Database/Query/Builder->get(Array)
#20 C:/xampp/htdocs/speakout-api/vendor/laravel/framework/src/Illuminate/Database/Eloquent/Builder.php(723): Illuminate/Database/Eloquent/Builder->getModels(Array)
#21 C:/xampp/htdocs/speakout-api/vendor/laravel/framework/src/Illuminate/Database/Concerns/BuildsQueries.php(333): Illuminate/Database/Eloquent/Builder->get(Array)
#22 C:/xampp/htdocs/speakout-api/app/Http/Controllers/Api/AuthController.php(57): Illuminate/Database/Eloquent/Builder->first()
#23 C:/xampp/htdocs/speakout-api/vendor/laravel/framework/src/Illuminate/Routing/Controller.php(54): App/Http/Controllers/Api/AuthController->login(Object(Illuminate/Http/Request))
#24 C:/xampp/htdocs/speakout-api/vendor/laravel/framework/src/Illuminate/Routing/ControllerDispatcher.php(43): Illuminate/Routing/Controller->callAction('login', Array)
#25 C:/xampp/htdocs/speakout-api/vendor/laravel/framework/src/Illuminate/Routing/Route.php(260): Illuminate/Routing/ControllerDispatcher->dispatch(Object(Illuminate/Routing/Route), Object(App/Http/Controllers/Api/AuthController), 'login')
#26 C:/xampp/htdocs/speakout-api/vendor/laravel/framework/src/Illuminate/Routing/Route.php(205): Illuminate/Routing/Route->runController()
#27 C:/xampp/htdocs/speakout-api/vendor/laravel/framework/src/Illuminate/Routing/Router.php(806): Illuminate/Routing/Route->run()
#28 C:/xampp/htdocs/speakout-api/vendor/laravel/framework/src/Illuminate/Pipeline/Pipeline.php(144): Illuminate/Routing/Router->Illuminate/Routing/{closure}(Object(Illuminate/Http/Request))
#29 C:/xampp/htdocs/speakout-api/vendor/laravel/framework/src/Illuminate/Routing/Middleware/SubstituteBindings.php(50): Illuminate/Pipeline/Pipeline->Illuminate/Pipeline/{closure}(Object(Illuminate/Http/Request))
#30 C:/xampp/htdocs/speakout-api/vendor/laravel/framework/src/Illuminate/Pipeline/Pipeline.php(183): Illuminate/Routing/Middleware/SubstituteBindings->handle(Object(Illuminate/Http/Request), Object(Closure))
#31 C:/xampp/htdocs/speakout-api/vendor/laravel/framework/src/Illuminate/Routing/Middleware/ThrottleRequests.php(159): Illuminate/Pipeline/Pipeline->Illuminate/Pipeline/{closure}(Object(Illuminate/Http/Request))
#32 C:/xampp/htdocs/speakout-api/vendor/laravel/framework/src/Illuminate/Routing/Middleware/ThrottleRequests.php(135): Illuminate/Routing/Middleware/ThrottleRequests->handleRequest(Object(Illuminate/Http/Request), Object(Closure), Array)
#33 C:/xampp/htdocs/speakout-api/vendor/laravel/framework/src/Illuminate/Routing/Middleware/ThrottleRequests.php(87): Illuminate/Routing/Middleware/ThrottleRequests->handleRequestUsingNamedLimiter(Object(Illuminate/Http/Request), Object(Closure), 'api', Object(Closure))
#34 C:/xampp/htdocs/speakout-api/vendor/laravel/framework/src/Illuminate/Pipeline/Pipeline.php(183): Illuminate/Routing/Middleware/ThrottleRequests->handle(Object(Illuminate/Http/Request), Object(Closure), 'api')
#35 C:/xampp/htdocs/speakout-api/vendor/laravel/framework/src/Illuminate/Pipeline/Pipeline.php(119): Illuminate/Pipeline/Pipeline->Illuminate/Pipeline/{closure}(Object(Illuminate/Http/Request))
#36 C:/xampp/htdocs/speakout-api/vendor/laravel/framework/src/Illuminate/Routing/Router.php(807): Illuminate/Pipeline/Pipeline->then(Object(Closure))
#37 C:/xampp/htdocs/speakout-api/vendor/laravel/framework/src/Illuminate/Routing/Router.php(784): Illuminate/Routing/Router->runRouteWithinStack(Object(Illuminate/Routing/Route), Object(Illuminate/Http/Request))
#38 C:/xampp/htdocs/speakout-api/vendor/laravel/framework/src/Illuminate/Routing/Router.php(748): Illuminate/Routing/Router->runRoute(Object(Illuminate/Http/Request), Object(Illuminate/Routing/Route))
#39 C:/xampp/htdocs/speakout-api/vendor/laravel/framework/src/Illuminate/Routing/Router.php(737): Illuminate/Routing/Router->dispatchToRoute(Object(Illuminate/Http/Request))
#40 C:/xampp/htdocs/speakout-api/vendor/laravel/framework/src/Illuminate/Foundation/Http/Kernel.php(200): Illuminate/Routing/Router->dispatch(Object(Illuminate/Http/Request))
#41 C:/xampp/htdocs/speakout-api/vendor/laravel/framework/src/Illuminate/Pipeline/Pipeline.php(144): Illuminate/Foundation/Http/Kernel->Illuminate/Foundation/Http/{closure}(Object(Illuminate/Http/Request))
#42 C:/xampp/htdocs/speakout-api/vendor/laravel/framework/src/Illuminate/Foundation/Http/Middleware/TransformsRequest.php(21): Illuminate/Pipeline/Pipeline->Illuminate/Pipeline/{closure}(Object(Illuminate/Http/Request))
#43 C:/xampp/htdocs/speakout-api/vendor/laravel/framework/src/Illuminate/Foundation/Http/Middleware/ConvertEmptyStringsToNull.php(31): Illuminate/Foundation/Http/Middleware/TransformsRequest->handle(Object(Illuminate/Http/Request), Object(Closure))
#44 C:/xampp/htdocs/speakout-api/vendor/laravel/framework/src/Illuminate/Pipeline/Pipeline.php(183): Illuminate/Foundation/Http/Middleware/ConvertEmptyStringsToNull->handle(Object(Illuminate/Http/Request), Object(Closure))
#45 C:/xampp/htdocs/speakout-api/vendor/laravel/framework/src/Illuminate/Foundation/Http/Middleware/TransformsRequest.php(21): Illuminate/Pipeline/Pipeline->Illuminate/Pipeline/{closure}(Object(Illuminate/Http/Request))
#46 C:/xampp/htdocs/speakout-api/vendor/laravel/framework/src/Illuminate/Foundation/Http/Middleware/TrimStrings.php(40): Illuminate/Foundation/Http/Middleware/TransformsRequest->handle(Object(Illuminate/Http/Request), Object(Closure))
#47 C:/xampp/htdocs/speakout-api/vendor/laravel/framework/src/Illuminate/Pipeline/Pipeline.php(183): Illuminate/Foundation/Http/Middleware/TrimStrings->handle(Object(Illuminate/Http/Request), Object(Closure))
#48 C:/xampp/htdocs/speakout-api/vendor/laravel/framework/src/Illuminate/Foundation/Http/Middleware/ValidatePostSize.php(27): Illuminate/Pipeline/Pipeline->Illuminate/Pipeline/{closure}(Object(Illuminate/Http/Request))
#49 C:/xampp/htdocs/speakout-api/vendor/laravel/framework/src/Illuminate/Pipeline/Pipeline.php(183): Illuminate/Foundation/Http/Middleware/ValidatePostSize->handle(Object(Illuminate/Http/Request), Object(Closure))
#50 C:/xampp/htdocs/speakout-api/vendor/laravel/framework/src/Illuminate/Foundation/Http/Middleware/PreventRequestsDuringMaintenance.php(99): Illuminate/Pipeline/Pipeline->Illuminate/Pipeline/{closure}(Object(Illuminate/Http/Request))
#51 C:/xampp/htdocs/speakout-api/vendor/laravel/framework/src/Illuminate/Pipeline/Pipeline.php(183): Illuminate/Foundation/Http/Middleware/PreventRequestsDuringMaintenance->handle(Object(Illuminate/Http/Request), Object(Closure))
#52 C:/xampp/htdocs/speakout-api/vendor/laravel/framework/src/Illuminate/Http/Middleware/HandleCors.php(62): Illuminate/Pipeline/Pipeline->Illuminate/Pipeline/{closure}(Object(Illuminate/Http/Request))
#53 C:/xampp/htdocs/speakout-api/vendor/laravel/framework/src/Illuminate/Pipeline/Pipeline.php(183): Illuminate/Http/Middleware/HandleCors->handle(Object(Illuminate/Http/Request), Object(Closure))
#54 C:/xampp/htdocs/speakout-api/vendor/laravel/framework/src/Illuminate/Http/Middleware/TrustProxies.php(39): Illuminate/Pipeline/Pipeline->Illuminate/Pipeline/{closure}(Object(Illuminate/Http/Request))
#55 C:/xampp/htdocs/speakout-api/vendor/laravel/framework/src/Illuminate/Pipeline/Pipeline.php(183): Illuminate/Http/Middleware/TrustProxies->handle(Object(Illuminate/Http/Request), Object(Closure))
#56 C:/xampp/htdocs/speakout-api/vendor/laravel/framework/src/Illuminate/Pipeline/Pipeline.php(119): Illuminate/Pipeline/Pipeline->Illuminate/Pipeline/{closure}(Object(Illuminate/Http/Request))
#57 C:/xampp/htdocs/speakout-api/vendor/laravel/framework/src/Illuminate/Foundation/Http/Kernel.php(175): Illuminate/Pipeline/Pipeline->then(Object(Closure))
#58 C:/xampp/htdocs/speakout-api/vendor/laravel/framework/src/Illuminate/Foundation/Http/Kernel.php(144): Illuminate/Foundation/Http/Kernel->sendRequestThroughRouter(Object(Illuminate/Http/Request))
#59 C:/xampp/htdocs/speakout-api/public/index.php(52): Illuminate/Foundation/Http/Kernel->handle(Object(Illuminate/Http/Request))
#60 C:/xampp/htdocs/speakout-api/vendor/laravel/framework/src/Illuminate/Foundation/resources/server.php(16): require_once('C://xampp//htdocs...')
#61 {main}
"} 
[2026-06-17 01:01:23] local.INFO: 🔍 QuizController@show called {"requested_quiz_id":"17","user_id":15} 
[2026-06-17 01:01:23] local.INFO: 📤 Quiz loaded successfully {"quiz_id":17,"quiz_title":"Quiz: Family Basics","course_id":2,"questions_count":8} 
[2026-06-17 01:01:54] local.INFO: 🔍 Certificate check {"user_id":15,"course_id":2,"total_lessons":8,"completed_lessons":3} 
[2026-06-17 01:01:57] local.INFO: 🔍 QuizController@show called {"requested_quiz_id":"3","user_id":15} 
[2026-06-17 01:01:57] local.INFO: 📤 Quiz loaded successfully {"quiz_id":3,"quiz_title":"Family Vocabulary Quiz","course_id":2,"questions_count":4} 
[2026-06-17 01:02:57] local.INFO: 🔍 QuizController@show called {"requested_quiz_id":"18","user_id":15} 
[2026-06-17 01:02:57] local.INFO: 📤 Quiz loaded successfully {"quiz_id":18,"quiz_title":"Quiz: Daily Activities","course_id":2,"questions_count":8} 
[2026-06-17 01:03:30] local.INFO: 🔍 Certificate check {"user_id":15,"course_id":2,"total_lessons":8,"completed_lessons":7} 
[2026-06-17 01:03:33] local.INFO: 🔍 QuizController@show called {"requested_quiz_id":"1","user_id":15} 
[2026-06-17 01:03:33] local.INFO: 📤 Quiz loaded successfully {"quiz_id":1,"quiz_title":"Quiz: Family Vocabulary","course_id":2,"questions_count":30} 
[2026-06-17 01:24:10] local.ERROR: Gradebook error: Method App\Http\Controllers\Api\UserController::calculateProgress does not exist. {"user_id":15,"trace":"#0 C:\\xampp\\htdocs\\speakout-api\\app\\Http\\Controllers\\Api\\UserController.php(570): Illuminate\\Routing\\Controller->__call('calculateProgre...', Array)
#1 C:\\xampp\\htdocs\\speakout-api\\vendor\\laravel\\framework\\src\\Illuminate\\Routing\\Controller.php(54): App\\Http\\Controllers\\Api\\UserController->getGradebook()
#2 C:\\xampp\\htdocs\\speakout-api\\vendor\\laravel\\framework\\src\\Illuminate\\Routing\\ControllerDispatcher.php(43): Illuminate\\Routing\\Controller->callAction('getGradebook', Array)
#3 C:\\xampp\\htdocs\\speakout-api\\vendor\\laravel\\framework\\src\\Illuminate\\Routing\\Route.php(260): Illuminate\\Routing\\ControllerDispatcher->dispatch(Object(Illuminate\\Routing\\Route), Object(App\\Http\\Controllers\\Api\\UserController), 'getGradebook')
#4 C:\\xampp\\htdocs\\speakout-api\\vendor\\laravel\\framework\\src\\Illuminate\\Routing\\Route.php(205): Illuminate\\Routing\\Route->runController()
#5 C:\\xampp\\htdocs\\speakout-api\\vendor\\laravel\\framework\\src\\Illuminate\\Routing\\Router.php(806): Illuminate\\Routing\\Route->run()
#6 C:\\xampp\\htdocs\\speakout-api\\vendor\\laravel\\framework\\src\\Illuminate\\Pipeline\\Pipeline.php(144): Illuminate\\Routing\\Router->Illuminate\\Routing\\{closure}(Object(Illuminate\\Http\\Request))
#7 C:\\xampp\\htdocs\\speakout-api\\vendor\\laravel\\framework\\src\\Illuminate\\Routing\\Middleware\\SubstituteBindings.php(50): Illuminate\\Pipeline\\Pipeline->Illuminate\\Pipeline\\{closure}(Object(Illuminate\\Http\\Request))
#8 C:\\xampp\\htdocs\\speakout-api\\vendor\\laravel\\framework\\src\\Illuminate\\Pipeline\\Pipeline.php(183): Illuminate\\Routing\\Middleware\\SubstituteBindings->handle(Object(Illuminate\\Http\\Request), Object(Closure))
#9 C:\\xampp\\htdocs\\speakout-api\\vendor\\laravel\\framework\\src\\Illuminate\\Routing\\Middleware\\ThrottleRequests.php(159): Illuminate\\Pipeline\\Pipeline->Illuminate\\Pipeline\\{closure}(Object(Illuminate\\Http\\Request))
#10 C:\\xampp\\htdocs\\speakout-api\\vendor\\laravel\\framework\\src\\Illuminate\\Routing\\Middleware\\ThrottleRequests.php(135): Illuminate\\Routing\\Middleware\\ThrottleRequests->handleRequest(Object(Illuminate\\Http\\Request), Object(Closure), Array)
#11 C:\\xampp\\htdocs\\speakout-api\\vendor\\laravel\\framework\\src\\Illuminate\\Routing\\Middleware\\ThrottleRequests.php(87): Illuminate\\Routing\\Middleware\\ThrottleRequests->handleRequestUsingNamedLimiter(Object(Illuminate\\Http\\Request), Object(Closure), 'api', Object(Closure))
#12 C:\\xampp\\htdocs\\speakout-api\\vendor\\laravel\\framework\\src\\Illuminate\\Pipeline\\Pipeline.php(183): Illuminate\\Routing\\Middleware\\ThrottleRequests->handle(Object(Illuminate\\Http\\Request), Object(Closure), 'api')
#13 C:\\xampp\\htdocs\\speakout-api\\vendor\\laravel\\framework\\src\\Illuminate\\Auth\\Middleware\\Authenticate.php(57): Illuminate\\Pipeline\\Pipeline->Illuminate\\Pipeline\\{closure}(Object(Illuminate\\Http\\Request))
#14 C:\\xampp\\htdocs\\speakout-api\\vendor\\laravel\\framework\\src\\Illuminate\\Pipeline\\Pipeline.php(183): Illuminate\\Auth\\Middleware\\Authenticate->handle(Object(Illuminate\\Http\\Request), Object(Closure), 'sanctum')
#15 C:\\xampp\\htdocs\\speakout-api\\vendor\\laravel\\framework\\src\\Illuminate\\Pipeline\\Pipeline.php(119): Illuminate\\Pipeline\\Pipeline->Illuminate\\Pipeline\\{closure}(Object(Illuminate\\Http\\Request))
#16 C:\\xampp\\htdocs\\speakout-api\\vendor\\laravel\\framework\\src\\Illuminate\\Routing\\Router.php(807): Illuminate\\Pipeline\\Pipeline->then(Object(Closure))
#17 C:\\xampp\\htdocs\\speakout-api\\vendor\\laravel\\framework\\src\\Illuminate\\Routing\\Router.php(784): Illuminate\\Routing\\Router->runRouteWithinStack(Object(Illuminate\\Routing\\Route), Object(Illuminate\\Http\\Request))
#18 C:\\xampp\\htdocs\\speakout-api\\vendor\\laravel\\framework\\src\\Illuminate\\Routing\\Router.php(748): Illuminate\\Routing\\Router->runRoute(Object(Illuminate\\Http\\Request), Object(Illuminate\\Routing\\Route))
#19 C:\\xampp\\htdocs\\speakout-api\\vendor\\laravel\\framework\\src\\Illuminate\\Routing\\Router.php(737): Illuminate\\Routing\\Router->dispatchToRoute(Object(Illuminate\\Http\\Request))
#20 C:\\xampp\\htdocs\\speakout-api\\vendor\\laravel\\framework\\src\\Illuminate\\Foundation\\Http\\Kernel.php(200): Illuminate\\Routing\\Router->dispatch(Object(Illuminate\\Http\\Request))
#21 C:\\xampp\\htdocs\\speakout-api\\vendor\\laravel\\framework\\src\\Illuminate\\Pipeline\\Pipeline.php(144): Illuminate\\Foundation\\Http\\Kernel->Illuminate\\Foundation\\Http\\{closure}(Object(Illuminate\\Http\\Request))
#22 C:\\xampp\\htdocs\\speakout-api\\vendor\\laravel\\framework\\src\\Illuminate\\Foundation\\Http\\Middleware\\TransformsRequest.php(21): Illuminate\\Pipeline\\Pipeline->Illuminate\\Pipeline\\{closure}(Object(Illuminate\\Http\\Request))
#23 C:\\xampp\\htdocs\\speakout-api\\vendor\\laravel\\framework\\src\\Illuminate\\Foundation\\Http\\Middleware\\ConvertEmptyStringsToNull.php(31): Illuminate\\Foundation\\Http\\Middleware\\TransformsRequest->handle(Object(Illuminate\\Http\\Request), Object(Closure))
#24 C:\\xampp\\htdocs\\speakout-api\\vendor\\laravel\\framework\\src\\Illuminate\\Pipeline\\Pipeline.php(183): Illuminate\\Foundation\\Http\\Middleware\\ConvertEmptyStringsToNull->handle(Object(Illuminate\\Http\\Request), Object(Closure))
#25 C:\\xampp\\htdocs\\speakout-api\\vendor\\laravel\\framework\\src\\Illuminate\\Foundation\\Http\\Middleware\\TransformsRequest.php(21): Illuminate\\Pipeline\\Pipeline->Illuminate\\Pipeline\\{closure}(Object(Illuminate\\Http\\Request))
#26 C:\\xampp\\htdocs\\speakout-api\\vendor\\laravel\\framework\\src\\Illuminate\\Foundation\\Http\\Middleware\\TrimStrings.php(40): Illuminate\\Foundation\\Http\\Middleware\\TransformsRequest->handle(Object(Illuminate\\Http\\Request), Object(Closure))
#27 C:\\xampp\\htdocs\\speakout-api\\vendor\\laravel\\framework\\src\\Illuminate\\Pipeline\\Pipeline.php(183): Illuminate\\Foundation\\Http\\Middleware\\TrimStrings->handle(Object(Illuminate\\Http\\Request), Object(Closure))
#28 C:\\xampp\\htdocs\\speakout-api\\vendor\\laravel\\framework\\src\\Illuminate\\Foundation\\Http\\Middleware\\ValidatePostSize.php(27): Illuminate\\Pipeline\\Pipeline->Illuminate\\Pipeline\\{closure}(Object(Illuminate\\Http\\Request))
#29 C:\\xampp\\htdocs\\speakout-api\\vendor\\laravel\\framework\\src\\Illuminate\\Pipeline\\Pipeline.php(183): Illuminate\\Foundation\\Http\\Middleware\\ValidatePostSize->handle(Object(Illuminate\\Http\\Request), Object(Closure))
#30 C:\\xampp\\htdocs\\speakout-api\\vendor\\laravel\\framework\\src\\Illuminate\\Foundation\\Http\\Middleware\\PreventRequestsDuringMaintenance.php(99): Illuminate\\Pipeline\\Pipeline->Illuminate\\Pipeline\\{closure}(Object(Illuminate\\Http\\Request))
#31 C:\\xampp\\htdocs\\speakout-api\\vendor\\laravel\\framework\\src\\Illuminate\\Pipeline\\Pipeline.php(183): Illuminate\\Foundation\\Http\\Middleware\\PreventRequestsDuringMaintenance->handle(Object(Illuminate\\Http\\Request), Object(Closure))
#32 C:\\xampp\\htdocs\\speakout-api\\vendor\\laravel\\framework\\src\\Illuminate\\Http\\Middleware\\HandleCors.php(62): Illuminate\\Pipeline\\Pipeline->Illuminate\\Pipeline\\{closure}(Object(Illuminate\\Http\\Request))
#33 C:\\xampp\\htdocs\\speakout-api\\vendor\\laravel\\framework\\src\\Illuminate\\Pipeline\\Pipeline.php(183): Illuminate\\Http\\Middleware\\HandleCors->handle(Object(Illuminate\\Http\\Request), Object(Closure))
#34 C:\\xampp\\htdocs\\speakout-api\\vendor\\laravel\\framework\\src\\Illuminate\\Http\\Middleware\\TrustProxies.php(39): Illuminate\\Pipeline\\Pipeline->Illuminate\\Pipeline\\{closure}(Object(Illuminate\\Http\\Request))
#35 C:\\xampp\\htdocs\\speakout-api\\vendor\\laravel\\framework\\src\\Illuminate\\Pipeline\\Pipeline.php(183): Illuminate\\Http\\Middleware\\TrustProxies->handle(Object(Illuminate\\Http\\Request), Object(Closure))
#36 C:\\xampp\\htdocs\\speakout-api\\vendor\\laravel\\framework\\src\\Illuminate\\Pipeline\\Pipeline.php(119): Illuminate\\Pipeline\\Pipeline->Illuminate\\Pipeline\\{closure}(Object(Illuminate\\Http\\Request))
#37 C:\\xampp\\htdocs\\speakout-api\\vendor\\laravel\\framework\\src\\Illuminate\\Foundation\\Http\\Kernel.php(175): Illuminate\\Pipeline\\Pipeline->then(Object(Closure))
#38 C:\\xampp\\htdocs\\speakout-api\\vendor\\laravel\\framework\\src\\Illuminate\\Foundation\\Http\\Kernel.php(144): Illuminate\\Foundation\\Http\\Kernel->sendRequestThroughRouter(Object(Illuminate\\Http\\Request))
#39 C:\\xampp\\htdocs\\speakout-api\\public\\index.php(52): Illuminate\\Foundation\\Http\\Kernel->handle(Object(Illuminate\\Http\\Request))
#40 C:\\xampp\\htdocs\\speakout-api\\vendor\\laravel\\framework\\src\\Illuminate\\Foundation\\resources\\server.php(16): require_once('C:\\\\xampp\\\\htdocs...')
#41 {main}"} 
[2026-06-17 01:49:29] local.ERROR: Gradebook error: Method App\Http\Controllers\Api\UserController::calculateProgress does not exist. {"user_id":15,"trace":"#0 C:\\xampp\\htdocs\\speakout-api\\app\\Http\\Controllers\\Api\\UserController.php(567): Illuminate\\Routing\\Controller->__call('calculateProgre...', Array)
#1 C:\\xampp\\htdocs\\speakout-api\\vendor\\laravel\\framework\\src\\Illuminate\\Routing\\Controller.php(54): App\\Http\\Controllers\\Api\\UserController->getGradebook()
#2 C:\\xampp\\htdocs\\speakout-api\\vendor\\laravel\\framework\\src\\Illuminate\\Routing\\ControllerDispatcher.php(43): Illuminate\\Routing\\Controller->callAction('getGradebook', Array)
#3 C:\\xampp\\htdocs\\speakout-api\\vendor\\laravel\\framework\\src\\Illuminate\\Routing\\Route.php(260): Illuminate\\Routing\\ControllerDispatcher->dispatch(Object(Illuminate\\Routing\\Route), Object(App\\Http\\Controllers\\Api\\UserController), 'getGradebook')
#4 C:\\xampp\\htdocs\\speakout-api\\vendor\\laravel\\framework\\src\\Illuminate\\Routing\\Route.php(205): Illuminate\\Routing\\Route->runController()
#5 C:\\xampp\\htdocs\\speakout-api\\vendor\\laravel\\framework\\src\\Illuminate\\Routing\\Router.php(806): Illuminate\\Routing\\Route->run()
#6 C:\\xampp\\htdocs\\speakout-api\\vendor\\laravel\\framework\\src\\Illuminate\\Pipeline\\Pipeline.php(144): Illuminate\\Routing\\Router->Illuminate\\Routing\\{closure}(Object(Illuminate\\Http\\Request))
#7 C:\\xampp\\htdocs\\speakout-api\\vendor\\laravel\\framework\\src\\Illuminate\\Routing\\Middleware\\SubstituteBindings.php(50): Illuminate\\Pipeline\\Pipeline->Illuminate\\Pipeline\\{closure}(Object(Illuminate\\Http\\Request))
#8 C:\\xampp\\htdocs\\speakout-api\\vendor\\laravel\\framework\\src\\Illuminate\\Pipeline\\Pipeline.php(183): Illuminate\\Routing\\Middleware\\SubstituteBindings->handle(Object(Illuminate\\Http\\Request), Object(Closure))
#9 C:\\xampp\\htdocs\\speakout-api\\vendor\\laravel\\framework\\src\\Illuminate\\Routing\\Middleware\\ThrottleRequests.php(159): Illuminate\\Pipeline\\Pipeline->Illuminate\\Pipeline\\{closure}(Object(Illuminate\\Http\\Request))
#10 C:\\xampp\\htdocs\\speakout-api\\vendor\\laravel\\framework\\src\\Illuminate\\Routing\\Middleware\\ThrottleRequests.php(135): Illuminate\\Routing\\Middleware\\ThrottleRequests->handleRequest(Object(Illuminate\\Http\\Request), Object(Closure), Array)
#11 C:\\xampp\\htdocs\\speakout-api\\vendor\\laravel\\framework\\src\\Illuminate\\Routing\\Middleware\\ThrottleRequests.php(87): Illuminate\\Routing\\Middleware\\ThrottleRequests->handleRequestUsingNamedLimiter(Object(Illuminate\\Http\\Request), Object(Closure), 'api', Object(Closure))
#12 C:\\xampp\\htdocs\\speakout-api\\vendor\\laravel\\framework\\src\\Illuminate\\Pipeline\\Pipeline.php(183): Illuminate\\Routing\\Middleware\\ThrottleRequests->handle(Object(Illuminate\\Http\\Request), Object(Closure), 'api')
#13 C:\\xampp\\htdocs\\speakout-api\\vendor\\laravel\\framework\\src\\Illuminate\\Auth\\Middleware\\Authenticate.php(57): Illuminate\\Pipeline\\Pipeline->Illuminate\\Pipeline\\{closure}(Object(Illuminate\\Http\\Request))
#14 C:\\xampp\\htdocs\\speakout-api\\vendor\\laravel\\framework\\src\\Illuminate\\Pipeline\\Pipeline.php(183): Illuminate\\Auth\\Middleware\\Authenticate->handle(Object(Illuminate\\Http\\Request), Object(Closure), 'sanctum')
#15 C:\\xampp\\htdocs\\speakout-api\\vendor\\laravel\\framework\\src\\Illuminate\\Pipeline\\Pipeline.php(119): Illuminate\\Pipeline\\Pipeline->Illuminate\\Pipeline\\{closure}(Object(Illuminate\\Http\\Request))
#16 C:\\xampp\\htdocs\\speakout-api\\vendor\\laravel\\framework\\src\\Illuminate\\Routing\\Router.php(807): Illuminate\\Pipeline\\Pipeline->then(Object(Closure))
#17 C:\\xampp\\htdocs\\speakout-api\\vendor\\laravel\\framework\\src\\Illuminate\\Routing\\Router.php(784): Illuminate\\Routing\\Router->runRouteWithinStack(Object(Illuminate\\Routing\\Route), Object(Illuminate\\Http\\Request))
#18 C:\\xampp\\htdocs\\speakout-api\\vendor\\laravel\\framework\\src\\Illuminate\\Routing\\Router.php(748): Illuminate\\Routing\\Router->runRoute(Object(Illuminate\\Http\\Request), Object(Illuminate\\Routing\\Route))
#19 C:\\xampp\\htdocs\\speakout-api\\vendor\\laravel\\framework\\src\\Illuminate\\Routing\\Router.php(737): Illuminate\\Routing\\Router->dispatchToRoute(Object(Illuminate\\Http\\Request))
#20 C:\\xampp\\htdocs\\speakout-api\\vendor\\laravel\\framework\\src\\Illuminate\\Foundation\\Http\\Kernel.php(200): Illuminate\\Routing\\Router->dispatch(Object(Illuminate\\Http\\Request))
#21 C:\\xampp\\htdocs\\speakout-api\\vendor\\laravel\\framework\\src\\Illuminate\\Pipeline\\Pipeline.php(144): Illuminate\\Foundation\\Http\\Kernel->Illuminate\\Foundation\\Http\\{closure}(Object(Illuminate\\Http\\Request))
#22 C:\\xampp\\htdocs\\speakout-api\\vendor\\laravel\\framework\\src\\Illuminate\\Foundation\\Http\\Middleware\\TransformsRequest.php(21): Illuminate\\Pipeline\\Pipeline->Illuminate\\Pipeline\\{closure}(Object(Illuminate\\Http\\Request))
#23 C:\\xampp\\htdocs\\speakout-api\\vendor\\laravel\\framework\\src\\Illuminate\\Foundation\\Http\\Middleware\\ConvertEmptyStringsToNull.php(31): Illuminate\\Foundation\\Http\\Middleware\\TransformsRequest->handle(Object(Illuminate\\Http\\Request), Object(Closure))
#24 C:\\xampp\\htdocs\\speakout-api\\vendor\\laravel\\framework\\src\\Illuminate\\Pipeline\\Pipeline.php(183): Illuminate\\Foundation\\Http\\Middleware\\ConvertEmptyStringsToNull->handle(Object(Illuminate\\Http\\Request), Object(Closure))
#25 C:\\xampp\\htdocs\\speakout-api\\vendor\\laravel\\framework\\src\\Illuminate\\Foundation\\Http\\Middleware\\TransformsRequest.php(21): Illuminate\\Pipeline\\Pipeline->Illuminate\\Pipeline\\{closure}(Object(Illuminate\\Http\\Request))
#26 C:\\xampp\\htdocs\\speakout-api\\vendor\\laravel\\framework\\src\\Illuminate\\Foundation\\Http\\Middleware\\TrimStrings.php(40): Illuminate\\Foundation\\Http\\Middleware\\TransformsRequest->handle(Object(Illuminate\\Http\\Request), Object(Closure))
#27 C:\\xampp\\htdocs\\speakout-api\\vendor\\laravel\\framework\\src\\Illuminate\\Pipeline\\Pipeline.php(183): Illuminate\\Foundation\\Http\\Middleware\\TrimStrings->handle(Object(Illuminate\\Http\\Request), Object(Closure))
#28 C:\\xampp\\htdocs\\speakout-api\\vendor\\laravel\\framework\\src\\Illuminate\\Foundation\\Http\\Middleware\\ValidatePostSize.php(27): Illuminate\\Pipeline\\Pipeline->Illuminate\\Pipeline\\{closure}(Object(Illuminate\\Http\\Request))
#29 C:\\xampp\\htdocs\\speakout-api\\vendor\\laravel\\framework\\src\\Illuminate\\Pipeline\\Pipeline.php(183): Illuminate\\Foundation\\Http\\Middleware\\ValidatePostSize->handle(Object(Illuminate\\Http\\Request), Object(Closure))
#30 C:\\xampp\\htdocs\\speakout-api\\vendor\\laravel\\framework\\src\\Illuminate\\Foundation\\Http\\Middleware\\PreventRequestsDuringMaintenance.php(99): Illuminate\\Pipeline\\Pipeline->Illuminate\\Pipeline\\{closure}(Object(Illuminate\\Http\\Request))
#31 C:\\xampp\\htdocs\\speakout-api\\vendor\\laravel\\framework\\src\\Illuminate\\Pipeline\\Pipeline.php(183): Illuminate\\Foundation\\Http\\Middleware\\PreventRequestsDuringMaintenance->handle(Object(Illuminate\\Http\\Request), Object(Closure))
#32 C:\\xampp\\htdocs\\speakout-api\\vendor\\laravel\\framework\\src\\Illuminate\\Http\\Middleware\\HandleCors.php(62): Illuminate\\Pipeline\\Pipeline->Illuminate\\Pipeline\\{closure}(Object(Illuminate\\Http\\Request))
#33 C:\\xampp\\htdocs\\speakout-api\\vendor\\laravel\\framework\\src\\Illuminate\\Pipeline\\Pipeline.php(183): Illuminate\\Http\\Middleware\\HandleCors->handle(Object(Illuminate\\Http\\Request), Object(Closure))
#34 C:\\xampp\\htdocs\\speakout-api\\vendor\\laravel\\framework\\src\\Illuminate\\Http\\Middleware\\TrustProxies.php(39): Illuminate\\Pipeline\\Pipeline->Illuminate\\Pipeline\\{closure}(Object(Illuminate\\Http\\Request))
#35 C:\\xampp\\htdocs\\speakout-api\\vendor\\laravel\\framework\\src\\Illuminate\\Pipeline\\Pipeline.php(183): Illuminate\\Http\\Middleware\\TrustProxies->handle(Object(Illuminate\\Http\\Request), Object(Closure))
#36 C:\\xampp\\htdocs\\speakout-api\\vendor\\laravel\\framework\\src\\Illuminate\\Pipeline\\Pipeline.php(119): Illuminate\\Pipeline\\Pipeline->Illuminate\\Pipeline\\{closure}(Object(Illuminate\\Http\\Request))
#37 C:\\xampp\\htdocs\\speakout-api\\vendor\\laravel\\framework\\src\\Illuminate\\Foundation\\Http\\Kernel.php(175): Illuminate\\Pipeline\\Pipeline->then(Object(Closure))
#38 C:\\xampp\\htdocs\\speakout-api\\vendor\\laravel\\framework\\src\\Illuminate\\Foundation\\Http\\Kernel.php(144): Illuminate\\Foundation\\Http\\Kernel->sendRequestThroughRouter(Object(Illuminate\\Http\\Request))
#39 C:\\xampp\\htdocs\\speakout-api\\public\\index.php(52): Illuminate\\Foundation\\Http\\Kernel->handle(Object(Illuminate\\Http\\Request))
#40 C:\\xampp\\htdocs\\speakout-api\\vendor\\laravel\\framework\\src\\Illuminate\\Foundation\\resources\\server.php(16): require_once('C:\\\\xampp\\\\htdocs...')
#41 {main}"} 
[2026-06-17 02:30:47] local.ERROR: Method App\Http\Controllers\Api\AdminCertificateController::approve does not exist. {"userId":1,"exception":"[object] (BadMethodCallException(code: 0): Method App\\Http\\Controllers\\Api\\AdminCertificateController::approve does not exist. at C:/xampp/htdocs/speakout-api/vendor/laravel/framework/src/Illuminate/Routing/Controller.php:68)
[stacktrace]
#0 C:/xampp/htdocs/speakout-api/vendor/laravel/framework/src/Illuminate/Routing/Controller.php(54): Illuminate/Routing/Controller->__call('approve', Array)
#1 C:/xampp/htdocs/speakout-api/vendor/laravel/framework/src/Illuminate/Routing/ControllerDispatcher.php(43): Illuminate/Routing/Controller->callAction('approve', Array)
#2 C:/xampp/htdocs/speakout-api/vendor/laravel/framework/src/Illuminate/Routing/Route.php(260): Illuminate/Routing/ControllerDispatcher->dispatch(Object(Illuminate/Routing/Route), Object(App/Http/Controllers/Api/AdminCertificateController), 'approve')
#3 C:/xampp/htdocs/speakout-api/vendor/laravel/framework/src/Illuminate/Routing/Route.php(205): Illuminate/Routing/Route->runController()
#4 C:/xampp/htdocs/speakout-api/vendor/laravel/framework/src/Illuminate/Routing/Router.php(806): Illuminate/Routing/Route->run()
#5 C:/xampp/htdocs/speakout-api/vendor/laravel/framework/src/Illuminate/Pipeline/Pipeline.php(144): Illuminate/Routing/Router->Illuminate/Routing/{closure}(Object(Illuminate/Http/Request))
#6 C:/xampp/htdocs/speakout-api/app/Http/Middleware/IsAdmin.php(21): Illuminate/Pipeline/Pipeline->Illuminate/Pipeline/{closure}(Object(Illuminate/Http/Request))
#7 C:/xampp/htdocs/speakout-api/vendor/laravel/framework/src/Illuminate/Pipeline/Pipeline.php(183): App/Http/Middleware/IsAdmin->handle(Object(Illuminate/Http/Request), Object(Closure))
#8 C:/xampp/htdocs/speakout-api/vendor/laravel/framework/src/Illuminate/Routing/Middleware/SubstituteBindings.php(50): Illuminate/Pipeline/Pipeline->Illuminate/Pipeline/{closure}(Object(Illuminate/Http/Request))
#9 C:/xampp/htdocs/speakout-api/vendor/laravel/framework/src/Illuminate/Pipeline/Pipeline.php(183): Illuminate/Routing/Middleware/SubstituteBindings->handle(Object(Illuminate/Http/Request), Object(Closure))
#10 C:/xampp/htdocs/speakout-api/vendor/laravel/framework/src/Illuminate/Routing/Middleware/ThrottleRequests.php(159): Illuminate/Pipeline/Pipeline->Illuminate/Pipeline/{closure}(Object(Illuminate/Http/Request))
#11 C:/xampp/htdocs/speakout-api/vendor/laravel/framework/src/Illuminate/Routing/Middleware/ThrottleRequests.php(135): Illuminate/Routing/Middleware/ThrottleRequests->handleRequest(Object(Illuminate/Http/Request), Object(Closure), Array)
#12 C:/xampp/htdocs/speakout-api/vendor/laravel/framework/src/Illuminate/Routing/Middleware/ThrottleRequests.php(87): Illuminate/Routing/Middleware/ThrottleRequests->handleRequestUsingNamedLimiter(Object(Illuminate/Http/Request), Object(Closure), 'api', Object(Closure))
#13 C:/xampp/htdocs/speakout-api/vendor/laravel/framework/src/Illuminate/Pipeline/Pipeline.php(183): Illuminate/Routing/Middleware/ThrottleRequests->handle(Object(Illuminate/Http/Request), Object(Closure), 'api')
#14 C:/xampp/htdocs/speakout-api/vendor/laravel/framework/src/Illuminate/Auth/Middleware/Authenticate.php(57): Illuminate/Pipeline/Pipeline->Illuminate/Pipeline/{closure}(Object(Illuminate/Http/Request))
#15 C:/xampp/htdocs/speakout-api/vendor/laravel/framework/src/Illuminate/Pipeline/Pipeline.php(183): Illuminate/Auth/Middleware/Authenticate->handle(Object(Illuminate/Http/Request), Object(Closure), 'sanctum')
#16 C:/xampp/htdocs/speakout-api/vendor/laravel/framework/src/Illuminate/Pipeline/Pipeline.php(119): Illuminate/Pipeline/Pipeline->Illuminate/Pipeline/{closure}(Object(Illuminate/Http/Request))
#17 C:/xampp/htdocs/speakout-api/vendor/laravel/framework/src/Illuminate/Routing/Router.php(807): Illuminate/Pipeline/Pipeline->then(Object(Closure))
#18 C:/xampp/htdocs/speakout-api/vendor/laravel/framework/src/Illuminate/Routing/Router.php(784): Illuminate/Routing/Router->runRouteWithinStack(Object(Illuminate/Routing/Route), Object(Illuminate/Http/Request))
#19 C:/xampp/htdocs/speakout-api/vendor/laravel/framework/src/Illuminate/Routing/Router.php(748): Illuminate/Routing/Router->runRoute(Object(Illuminate/Http/Request), Object(Illuminate/Routing/Route))
#20 C:/xampp/htdocs/speakout-api/vendor/laravel/framework/src/Illuminate/Routing/Router.php(737): Illuminate/Routing/Router->dispatchToRoute(Object(Illuminate/Http/Request))
#21 C:/xampp/htdocs/speakout-api/vendor/laravel/framework/src/Illuminate/Foundation/Http/Kernel.php(200): Illuminate/Routing/Router->dispatch(Object(Illuminate/Http/Request))
#22 C:/xampp/htdocs/speakout-api/vendor/laravel/framework/src/Illuminate/Pipeline/Pipeline.php(144): Illuminate/Foundation/Http/Kernel->Illuminate/Foundation/Http/{closure}(Object(Illuminate/Http/Request))
#23 C:/xampp/htdocs/speakout-api/vendor/laravel/framework/src/Illuminate/Foundation/Http/Middleware/TransformsRequest.php(21): Illuminate/Pipeline/Pipeline->Illuminate/Pipeline/{closure}(Object(Illuminate/Http/Request))
#24 C:/xampp/htdocs/speakout-api/vendor/laravel/framework/src/Illuminate/Foundation/Http/Middleware/ConvertEmptyStringsToNull.php(31): Illuminate/Foundation/Http/Middleware/TransformsRequest->handle(Object(Illuminate/Http/Request), Object(Closure))
#25 C:/xampp/htdocs/speakout-api/vendor/laravel/framework/src/Illuminate/Pipeline/Pipeline.php(183): Illuminate/Foundation/Http/Middleware/ConvertEmptyStringsToNull->handle(Object(Illuminate/Http/Request), Object(Closure))
#26 C:/xampp/htdocs/speakout-api/vendor/laravel/framework/src/Illuminate/Foundation/Http/Middleware/TransformsRequest.php(21): Illuminate/Pipeline/Pipeline->Illuminate/Pipeline/{closure}(Object(Illuminate/Http/Request))
#27 C:/xampp/htdocs/speakout-api/vendor/laravel/framework/src/Illuminate/Foundation/Http/Middleware/TrimStrings.php(40): Illuminate/Foundation/Http/Middleware/TransformsRequest->handle(Object(Illuminate/Http/Request), Object(Closure))
#28 C:/xampp/htdocs/speakout-api/vendor/laravel/framework/src/Illuminate/Pipeline/Pipeline.php(183): Illuminate/Foundation/Http/Middleware/TrimStrings->handle(Object(Illuminate/Http/Request), Object(Closure))
#29 C:/xampp/htdocs/speakout-api/vendor/laravel/framework/src/Illuminate/Foundation/Http/Middleware/ValidatePostSize.php(27): Illuminate/Pipeline/Pipeline->Illuminate/Pipeline/{closure}(Object(Illuminate/Http/Request))
#30 C:/xampp/htdocs/speakout-api/vendor/laravel/framework/src/Illuminate/Pipeline/Pipeline.php(183): Illuminate/Foundation/Http/Middleware/ValidatePostSize->handle(Object(Illuminate/Http/Request), Object(Closure))
#31 C:/xampp/htdocs/speakout-api/vendor/laravel/framework/src/Illuminate/Foundation/Http/Middleware/PreventRequestsDuringMaintenance.php(99): Illuminate/Pipeline/Pipeline->Illuminate/Pipeline/{closure}(Object(Illuminate/Http/Request))
#32 C:/xampp/htdocs/speakout-api/vendor/laravel/framework/src/Illuminate/Pipeline/Pipeline.php(183): Illuminate/Foundation/Http/Middleware/PreventRequestsDuringMaintenance->handle(Object(Illuminate/Http/Request), Object(Closure))
#33 C:/xampp/htdocs/speakout-api/vendor/laravel/framework/src/Illuminate/Http/Middleware/HandleCors.php(62): Illuminate/Pipeline/Pipeline->Illuminate/Pipeline/{closure}(Object(Illuminate/Http/Request))
#34 C:/xampp/htdocs/speakout-api/vendor/laravel/framework/src/Illuminate/Pipeline/Pipeline.php(183): Illuminate/Http/Middleware/HandleCors->handle(Object(Illuminate/Http/Request), Object(Closure))
#35 C:/xampp/htdocs/speakout-api/vendor/laravel/framework/src/Illuminate/Http/Middleware/TrustProxies.php(39): Illuminate/Pipeline/Pipeline->Illuminate/Pipeline/{closure}(Object(Illuminate/Http/Request))
#36 C:/xampp/htdocs/speakout-api/vendor/laravel/framework/src/Illuminate/Pipeline/Pipeline.php(183): Illuminate/Http/Middleware/TrustProxies->handle(Object(Illuminate/Http/Request), Object(Closure))
#37 C:/xampp/htdocs/speakout-api/vendor/laravel/framework/src/Illuminate/Pipeline/Pipeline.php(119): Illuminate/Pipeline/Pipeline->Illuminate/Pipeline/{closure}(Object(Illuminate/Http/Request))
#38 C:/xampp/htdocs/speakout-api/vendor/laravel/framework/src/Illuminate/Foundation/Http/Kernel.php(175): Illuminate/Pipeline/Pipeline->then(Object(Closure))
#39 C:/xampp/htdocs/speakout-api/vendor/laravel/framework/src/Illuminate/Foundation/Http/Kernel.php(144): Illuminate/Foundation/Http/Kernel->sendRequestThroughRouter(Object(Illuminate/Http/Request))
#40 C:/xampp/htdocs/speakout-api/public/index.php(52): Illuminate/Foundation/Http/Kernel->handle(Object(Illuminate/Http/Request))
#41 C:/xampp/htdocs/speakout-api/vendor/laravel/framework/src/Illuminate/Foundation/resources/server.php(16): require_once('C://xampp//htdocs...')
#42 {main}
"} 
[2026-06-17 02:31:03] local.ERROR: Method App\Http\Controllers\Api\AdminCertificateController::approve does not exist. {"userId":1,"exception":"[object] (BadMethodCallException(code: 0): Method App\\Http\\Controllers\\Api\\AdminCertificateController::approve does not exist. at C:/xampp/htdocs/speakout-api/vendor/laravel/framework/src/Illuminate/Routing/Controller.php:68)
[stacktrace]
#0 C:/xampp/htdocs/speakout-api/vendor/laravel/framework/src/Illuminate/Routing/Controller.php(54): Illuminate/Routing/Controller->__call('approve', Array)
#1 C:/xampp/htdocs/speakout-api/vendor/laravel/framework/src/Illuminate/Routing/ControllerDispatcher.php(43): Illuminate/Routing/Controller->callAction('approve', Array)
#2 C:/xampp/htdocs/speakout-api/vendor/laravel/framework/src/Illuminate/Routing/Route.php(260): Illuminate/Routing/ControllerDispatcher->dispatch(Object(Illuminate/Routing/Route), Object(App/Http/Controllers/Api/AdminCertificateController), 'approve')
#3 C:/xampp/htdocs/speakout-api/vendor/laravel/framework/src/Illuminate/Routing/Route.php(205): Illuminate/Routing/Route->runController()
#4 C:/xampp/htdocs/speakout-api/vendor/laravel/framework/src/Illuminate/Routing/Router.php(806): Illuminate/Routing/Route->run()
#5 C:/xampp/htdocs/speakout-api/vendor/laravel/framework/src/Illuminate/Pipeline/Pipeline.php(144): Illuminate/Routing/Router->Illuminate/Routing/{closure}(Object(Illuminate/Http/Request))
#6 C:/xampp/htdocs/speakout-api/app/Http/Middleware/IsAdmin.php(21): Illuminate/Pipeline/Pipeline->Illuminate/Pipeline/{closure}(Object(Illuminate/Http/Request))
#7 C:/xampp/htdocs/speakout-api/vendor/laravel/framework/src/Illuminate/Pipeline/Pipeline.php(183): App/Http/Middleware/IsAdmin->handle(Object(Illuminate/Http/Request), Object(Closure))
#8 C:/xampp/htdocs/speakout-api/vendor/laravel/framework/src/Illuminate/Routing/Middleware/SubstituteBindings.php(50): Illuminate/Pipeline/Pipeline->Illuminate/Pipeline/{closure}(Object(Illuminate/Http/Request))
#9 C:/xampp/htdocs/speakout-api/vendor/laravel/framework/src/Illuminate/Pipeline/Pipeline.php(183): Illuminate/Routing/Middleware/SubstituteBindings->handle(Object(Illuminate/Http/Request), Object(Closure))
#10 C:/xampp/htdocs/speakout-api/vendor/laravel/framework/src/Illuminate/Routing/Middleware/ThrottleRequests.php(159): Illuminate/Pipeline/Pipeline->Illuminate/Pipeline/{closure}(Object(Illuminate/Http/Request))
#11 C:/xampp/htdocs/speakout-api/vendor/laravel/framework/src/Illuminate/Routing/Middleware/ThrottleRequests.php(135): Illuminate/Routing/Middleware/ThrottleRequests->handleRequest(Object(Illuminate/Http/Request), Object(Closure), Array)
#12 C:/xampp/htdocs/speakout-api/vendor/laravel/framework/src/Illuminate/Routing/Middleware/ThrottleRequests.php(87): Illuminate/Routing/Middleware/ThrottleRequests->handleRequestUsingNamedLimiter(Object(Illuminate/Http/Request), Object(Closure), 'api', Object(Closure))
#13 C:/xampp/htdocs/speakout-api/vendor/laravel/framework/src/Illuminate/Pipeline/Pipeline.php(183): Illuminate/Routing/Middleware/ThrottleRequests->handle(Object(Illuminate/Http/Request), Object(Closure), 'api')
#14 C:/xampp/htdocs/speakout-api/vendor/laravel/framework/src/Illuminate/Auth/Middleware/Authenticate.php(57): Illuminate/Pipeline/Pipeline->Illuminate/Pipeline/{closure}(Object(Illuminate/Http/Request))
#15 C:/xampp/htdocs/speakout-api/vendor/laravel/framework/src/Illuminate/Pipeline/Pipeline.php(183): Illuminate/Auth/Middleware/Authenticate->handle(Object(Illuminate/Http/Request), Object(Closure), 'sanctum')
#16 C:/xampp/htdocs/speakout-api/vendor/laravel/framework/src/Illuminate/Pipeline/Pipeline.php(119): Illuminate/Pipeline/Pipeline->Illuminate/Pipeline/{closure}(Object(Illuminate/Http/Request))
#17 C:/xampp/htdocs/speakout-api/vendor/laravel/framework/src/Illuminate/Routing/Router.php(807): Illuminate/Pipeline/Pipeline->then(Object(Closure))
#18 C:/xampp/htdocs/speakout-api/vendor/laravel/framework/src/Illuminate/Routing/Router.php(784): Illuminate/Routing/Router->runRouteWithinStack(Object(Illuminate/Routing/Route), Object(Illuminate/Http/Request))
#19 C:/xampp/htdocs/speakout-api/vendor/laravel/framework/src/Illuminate/Routing/Router.php(748): Illuminate/Routing/Router->runRoute(Object(Illuminate/Http/Request), Object(Illuminate/Routing/Route))
#20 C:/xampp/htdocs/speakout-api/vendor/laravel/framework/src/Illuminate/Routing/Router.php(737): Illuminate/Routing/Router->dispatchToRoute(Object(Illuminate/Http/Request))
#21 C:/xampp/htdocs/speakout-api/vendor/laravel/framework/src/Illuminate/Foundation/Http/Kernel.php(200): Illuminate/Routing/Router->dispatch(Object(Illuminate/Http/Request))
#22 C:/xampp/htdocs/speakout-api/vendor/laravel/framework/src/Illuminate/Pipeline/Pipeline.php(144): Illuminate/Foundation/Http/Kernel->Illuminate/Foundation/Http/{closure}(Object(Illuminate/Http/Request))
#23 C:/xampp/htdocs/speakout-api/vendor/laravel/framework/src/Illuminate/Foundation/Http/Middleware/TransformsRequest.php(21): Illuminate/Pipeline/Pipeline->Illuminate/Pipeline/{closure}(Object(Illuminate/Http/Request))
#24 C:/xampp/htdocs/speakout-api/vendor/laravel/framework/src/Illuminate/Foundation/Http/Middleware/ConvertEmptyStringsToNull.php(31): Illuminate/Foundation/Http/Middleware/TransformsRequest->handle(Object(Illuminate/Http/Request), Object(Closure))
#25 C:/xampp/htdocs/speakout-api/vendor/laravel/framework/src/Illuminate/Pipeline/Pipeline.php(183): Illuminate/Foundation/Http/Middleware/ConvertEmptyStringsToNull->handle(Object(Illuminate/Http/Request), Object(Closure))
#26 C:/xampp/htdocs/speakout-api/vendor/laravel/framework/src/Illuminate/Foundation/Http/Middleware/TransformsRequest.php(21): Illuminate/Pipeline/Pipeline->Illuminate/Pipeline/{closure}(Object(Illuminate/Http/Request))
#27 C:/xampp/htdocs/speakout-api/vendor/laravel/framework/src/Illuminate/Foundation/Http/Middleware/TrimStrings.php(40): Illuminate/Foundation/Http/Middleware/TransformsRequest->handle(Object(Illuminate/Http/Request), Object(Closure))
#28 C:/xampp/htdocs/speakout-api/vendor/laravel/framework/src/Illuminate/Pipeline/Pipeline.php(183): Illuminate/Foundation/Http/Middleware/TrimStrings->handle(Object(Illuminate/Http/Request), Object(Closure))
#29 C:/xampp/htdocs/speakout-api/vendor/laravel/framework/src/Illuminate/Foundation/Http/Middleware/ValidatePostSize.php(27): Illuminate/Pipeline/Pipeline->Illuminate/Pipeline/{closure}(Object(Illuminate/Http/Request))
#30 C:/xampp/htdocs/speakout-api/vendor/laravel/framework/src/Illuminate/Pipeline/Pipeline.php(183): Illuminate/Foundation/Http/Middleware/ValidatePostSize->handle(Object(Illuminate/Http/Request), Object(Closure))
#31 C:/xampp/htdocs/speakout-api/vendor/laravel/framework/src/Illuminate/Foundation/Http/Middleware/PreventRequestsDuringMaintenance.php(99): Illuminate/Pipeline/Pipeline->Illuminate/Pipeline/{closure}(Object(Illuminate/Http/Request))
#32 C:/xampp/htdocs/speakout-api/vendor/laravel/framework/src/Illuminate/Pipeline/Pipeline.php(183): Illuminate/Foundation/Http/Middleware/PreventRequestsDuringMaintenance->handle(Object(Illuminate/Http/Request), Object(Closure))
#33 C:/xampp/htdocs/speakout-api/vendor/laravel/framework/src/Illuminate/Http/Middleware/HandleCors.php(62): Illuminate/Pipeline/Pipeline->Illuminate/Pipeline/{closure}(Object(Illuminate/Http/Request))
#34 C:/xampp/htdocs/speakout-api/vendor/laravel/framework/src/Illuminate/Pipeline/Pipeline.php(183): Illuminate/Http/Middleware/HandleCors->handle(Object(Illuminate/Http/Request), Object(Closure))
#35 C:/xampp/htdocs/speakout-api/vendor/laravel/framework/src/Illuminate/Http/Middleware/TrustProxies.php(39): Illuminate/Pipeline/Pipeline->Illuminate/Pipeline/{closure}(Object(Illuminate/Http/Request))
#36 C:/xampp/htdocs/speakout-api/vendor/laravel/framework/src/Illuminate/Pipeline/Pipeline.php(183): Illuminate/Http/Middleware/TrustProxies->handle(Object(Illuminate/Http/Request), Object(Closure))
#37 C:/xampp/htdocs/speakout-api/vendor/laravel/framework/src/Illuminate/Pipeline/Pipeline.php(119): Illuminate/Pipeline/Pipeline->Illuminate/Pipeline/{closure}(Object(Illuminate/Http/Request))
#38 C:/xampp/htdocs/speakout-api/vendor/laravel/framework/src/Illuminate/Foundation/Http/Kernel.php(175): Illuminate/Pipeline/Pipeline->then(Object(Closure))
#39 C:/xampp/htdocs/speakout-api/vendor/laravel/framework/src/Illuminate/Foundation/Http/Kernel.php(144): Illuminate/Foundation/Http/Kernel->sendRequestThroughRouter(Object(Illuminate/Http/Request))
#40 C:/xampp/htdocs/speakout-api/public/index.php(52): Illuminate/Foundation/Http/Kernel->handle(Object(Illuminate/Http/Request))
#41 C:/xampp/htdocs/speakout-api/vendor/laravel/framework/src/Illuminate/Foundation/resources/server.php(16): require_once('C://xampp//htdocs...')
#42 {main}
"} 
[2026-06-17 02:31:19] local.ERROR: Method App\Http\Controllers\Api\AdminCertificateController::approve does not exist. {"userId":1,"exception":"[object] (BadMethodCallException(code: 0): Method App\\Http\\Controllers\\Api\\AdminCertificateController::approve does not exist. at C:/xampp/htdocs/speakout-api/vendor/laravel/framework/src/Illuminate/Routing/Controller.php:68)
[stacktrace]
#0 C:/xampp/htdocs/speakout-api/vendor/laravel/framework/src/Illuminate/Routing/Controller.php(54): Illuminate/Routing/Controller->__call('approve', Array)
#1 C:/xampp/htdocs/speakout-api/vendor/laravel/framework/src/Illuminate/Routing/ControllerDispatcher.php(43): Illuminate/Routing/Controller->callAction('approve', Array)
#2 C:/xampp/htdocs/speakout-api/vendor/laravel/framework/src/Illuminate/Routing/Route.php(260): Illuminate/Routing/ControllerDispatcher->dispatch(Object(Illuminate/Routing/Route), Object(App/Http/Controllers/Api/AdminCertificateController), 'approve')
#3 C:/xampp/htdocs/speakout-api/vendor/laravel/framework/src/Illuminate/Routing/Route.php(205): Illuminate/Routing/Route->runController()
#4 C:/xampp/htdocs/speakout-api/vendor/laravel/framework/src/Illuminate/Routing/Router.php(806): Illuminate/Routing/Route->run()
#5 C:/xampp/htdocs/speakout-api/vendor/laravel/framework/src/Illuminate/Pipeline/Pipeline.php(144): Illuminate/Routing/Router->Illuminate/Routing/{closure}(Object(Illuminate/Http/Request))
#6 C:/xampp/htdocs/speakout-api/app/Http/Middleware/IsAdmin.php(21): Illuminate/Pipeline/Pipeline->Illuminate/Pipeline/{closure}(Object(Illuminate/Http/Request))
#7 C:/xampp/htdocs/speakout-api/vendor/laravel/framework/src/Illuminate/Pipeline/Pipeline.php(183): App/Http/Middleware/IsAdmin->handle(Object(Illuminate/Http/Request), Object(Closure))
#8 C:/xampp/htdocs/speakout-api/vendor/laravel/framework/src/Illuminate/Routing/Middleware/SubstituteBindings.php(50): Illuminate/Pipeline/Pipeline->Illuminate/Pipeline/{closure}(Object(Illuminate/Http/Request))
#9 C:/xampp/htdocs/speakout-api/vendor/laravel/framework/src/Illuminate/Pipeline/Pipeline.php(183): Illuminate/Routing/Middleware/SubstituteBindings->handle(Object(Illuminate/Http/Request), Object(Closure))
#10 C:/xampp/htdocs/speakout-api/vendor/laravel/framework/src/Illuminate/Routing/Middleware/ThrottleRequests.php(159): Illuminate/Pipeline/Pipeline->Illuminate/Pipeline/{closure}(Object(Illuminate/Http/Request))
#11 C:/xampp/htdocs/speakout-api/vendor/laravel/framework/src/Illuminate/Routing/Middleware/ThrottleRequests.php(135): Illuminate/Routing/Middleware/ThrottleRequests->handleRequest(Object(Illuminate/Http/Request), Object(Closure), Array)
#12 C:/xampp/htdocs/speakout-api/vendor/laravel/framework/src/Illuminate/Routing/Middleware/ThrottleRequests.php(87): Illuminate/Routing/Middleware/ThrottleRequests->handleRequestUsingNamedLimiter(Object(Illuminate/Http/Request), Object(Closure), 'api', Object(Closure))
#13 C:/xampp/htdocs/speakout-api/vendor/laravel/framework/src/Illuminate/Pipeline/Pipeline.php(183): Illuminate/Routing/Middleware/ThrottleRequests->handle(Object(Illuminate/Http/Request), Object(Closure), 'api')
#14 C:/xampp/htdocs/speakout-api/vendor/laravel/framework/src/Illuminate/Auth/Middleware/Authenticate.php(57): Illuminate/Pipeline/Pipeline->Illuminate/Pipeline/{closure}(Object(Illuminate/Http/Request))
#15 C:/xampp/htdocs/speakout-api/vendor/laravel/framework/src/Illuminate/Pipeline/Pipeline.php(183): Illuminate/Auth/Middleware/Authenticate->handle(Object(Illuminate/Http/Request), Object(Closure), 'sanctum')
#16 C:/xampp/htdocs/speakout-api/vendor/laravel/framework/src/Illuminate/Pipeline/Pipeline.php(119): Illuminate/Pipeline/Pipeline->Illuminate/Pipeline/{closure}(Object(Illuminate/Http/Request))
#17 C:/xampp/htdocs/speakout-api/vendor/laravel/framework/src/Illuminate/Routing/Router.php(807): Illuminate/Pipeline/Pipeline->then(Object(Closure))
#18 C:/xampp/htdocs/speakout-api/vendor/laravel/framework/src/Illuminate/Routing/Router.php(784): Illuminate/Routing/Router->runRouteWithinStack(Object(Illuminate/Routing/Route), Object(Illuminate/Http/Request))
#19 C:/xampp/htdocs/speakout-api/vendor/laravel/framework/src/Illuminate/Routing/Router.php(748): Illuminate/Routing/Router->runRoute(Object(Illuminate/Http/Request), Object(Illuminate/Routing/Route))
#20 C:/xampp/htdocs/speakout-api/vendor/laravel/framework/src/Illuminate/Routing/Router.php(737): Illuminate/Routing/Router->dispatchToRoute(Object(Illuminate/Http/Request))
#21 C:/xampp/htdocs/speakout-api/vendor/laravel/framework/src/Illuminate/Foundation/Http/Kernel.php(200): Illuminate/Routing/Router->dispatch(Object(Illuminate/Http/Request))
#22 C:/xampp/htdocs/speakout-api/vendor/laravel/framework/src/Illuminate/Pipeline/Pipeline.php(144): Illuminate/Foundation/Http/Kernel->Illuminate/Foundation/Http/{closure}(Object(Illuminate/Http/Request))
#23 C:/xampp/htdocs/speakout-api/vendor/laravel/framework/src/Illuminate/Foundation/Http/Middleware/TransformsRequest.php(21): Illuminate/Pipeline/Pipeline->Illuminate/Pipeline/{closure}(Object(Illuminate/Http/Request))
#24 C:/xampp/htdocs/speakout-api/vendor/laravel/framework/src/Illuminate/Foundation/Http/Middleware/ConvertEmptyStringsToNull.php(31): Illuminate/Foundation/Http/Middleware/TransformsRequest->handle(Object(Illuminate/Http/Request), Object(Closure))
#25 C:/xampp/htdocs/speakout-api/vendor/laravel/framework/src/Illuminate/Pipeline/Pipeline.php(183): Illuminate/Foundation/Http/Middleware/ConvertEmptyStringsToNull->handle(Object(Illuminate/Http/Request), Object(Closure))
#26 C:/xampp/htdocs/speakout-api/vendor/laravel/framework/src/Illuminate/Foundation/Http/Middleware/TransformsRequest.php(21): Illuminate/Pipeline/Pipeline->Illuminate/Pipeline/{closure}(Object(Illuminate/Http/Request))
#27 C:/xampp/htdocs/speakout-api/vendor/laravel/framework/src/Illuminate/Foundation/Http/Middleware/TrimStrings.php(40): Illuminate/Foundation/Http/Middleware/TransformsRequest->handle(Object(Illuminate/Http/Request), Object(Closure))
#28 C:/xampp/htdocs/speakout-api/vendor/laravel/framework/src/Illuminate/Pipeline/Pipeline.php(183): Illuminate/Foundation/Http/Middleware/TrimStrings->handle(Object(Illuminate/Http/Request), Object(Closure))
#29 C:/xampp/htdocs/speakout-api/vendor/laravel/framework/src/Illuminate/Foundation/Http/Middleware/ValidatePostSize.php(27): Illuminate/Pipeline/Pipeline->Illuminate/Pipeline/{closure}(Object(Illuminate/Http/Request))
#30 C:/xampp/htdocs/speakout-api/vendor/laravel/framework/src/Illuminate/Pipeline/Pipeline.php(183): Illuminate/Foundation/Http/Middleware/ValidatePostSize->handle(Object(Illuminate/Http/Request), Object(Closure))
#31 C:/xampp/htdocs/speakout-api/vendor/laravel/framework/src/Illuminate/Foundation/Http/Middleware/PreventRequestsDuringMaintenance.php(99): Illuminate/Pipeline/Pipeline->Illuminate/Pipeline/{closure}(Object(Illuminate/Http/Request))
#32 C:/xampp/htdocs/speakout-api/vendor/laravel/framework/src/Illuminate/Pipeline/Pipeline.php(183): Illuminate/Foundation/Http/Middleware/PreventRequestsDuringMaintenance->handle(Object(Illuminate/Http/Request), Object(Closure))
#33 C:/xampp/htdocs/speakout-api/vendor/laravel/framework/src/Illuminate/Http/Middleware/HandleCors.php(62): Illuminate/Pipeline/Pipeline->Illuminate/Pipeline/{closure}(Object(Illuminate/Http/Request))
#34 C:/xampp/htdocs/speakout-api/vendor/laravel/framework/src/Illuminate/Pipeline/Pipeline.php(183): Illuminate/Http/Middleware/HandleCors->handle(Object(Illuminate/Http/Request), Object(Closure))
#35 C:/xampp/htdocs/speakout-api/vendor/laravel/framework/src/Illuminate/Http/Middleware/TrustProxies.php(39): Illuminate/Pipeline/Pipeline->Illuminate/Pipeline/{closure}(Object(Illuminate/Http/Request))
#36 C:/xampp/htdocs/speakout-api/vendor/laravel/framework/src/Illuminate/Pipeline/Pipeline.php(183): Illuminate/Http/Middleware/TrustProxies->handle(Object(Illuminate/Http/Request), Object(Closure))
#37 C:/xampp/htdocs/speakout-api/vendor/laravel/framework/src/Illuminate/Pipeline/Pipeline.php(119): Illuminate/Pipeline/Pipeline->Illuminate/Pipeline/{closure}(Object(Illuminate/Http/Request))
#38 C:/xampp/htdocs/speakout-api/vendor/laravel/framework/src/Illuminate/Foundation/Http/Kernel.php(175): Illuminate/Pipeline/Pipeline->then(Object(Closure))
#39 C:/xampp/htdocs/speakout-api/vendor/laravel/framework/src/Illuminate/Foundation/Http/Kernel.php(144): Illuminate/Foundation/Http/Kernel->sendRequestThroughRouter(Object(Illuminate/Http/Request))
#40 C:/xampp/htdocs/speakout-api/public/index.php(52): Illuminate/Foundation/Http/Kernel->handle(Object(Illuminate/Http/Request))
#41 C:/xampp/htdocs/speakout-api/vendor/laravel/framework/src/Illuminate/Foundation/resources/server.php(16): require_once('C://xampp//htdocs...')
#42 {main}
"} 
[2026-06-17 02:32:54] local.ERROR: Method App\Http\Controllers\Api\AdminCertificateController::approve does not exist. {"userId":1,"exception":"[object] (BadMethodCallException(code: 0): Method App\\Http\\Controllers\\Api\\AdminCertificateController::approve does not exist. at C:/xampp/htdocs/speakout-api/vendor/laravel/framework/src/Illuminate/Routing/Controller.php:68)
[stacktrace]
#0 C:/xampp/htdocs/speakout-api/vendor/laravel/framework/src/Illuminate/Routing/Controller.php(54): Illuminate/Routing/Controller->__call('approve', Array)
#1 C:/xampp/htdocs/speakout-api/vendor/laravel/framework/src/Illuminate/Routing/ControllerDispatcher.php(43): Illuminate/Routing/Controller->callAction('approve', Array)
#2 C:/xampp/htdocs/speakout-api/vendor/laravel/framework/src/Illuminate/Routing/Route.php(260): Illuminate/Routing/ControllerDispatcher->dispatch(Object(Illuminate/Routing/Route), Object(App/Http/Controllers/Api/AdminCertificateController), 'approve')
#3 C:/xampp/htdocs/speakout-api/vendor/laravel/framework/src/Illuminate/Routing/Route.php(205): Illuminate/Routing/Route->runController()
#4 C:/xampp/htdocs/speakout-api/vendor/laravel/framework/src/Illuminate/Routing/Router.php(806): Illuminate/Routing/Route->run()
#5 C:/xampp/htdocs/speakout-api/vendor/laravel/framework/src/Illuminate/Pipeline/Pipeline.php(144): Illuminate/Routing/Router->Illuminate/Routing/{closure}(Object(Illuminate/Http/Request))
#6 C:/xampp/htdocs/speakout-api/app/Http/Middleware/IsAdmin.php(21): Illuminate/Pipeline/Pipeline->Illuminate/Pipeline/{closure}(Object(Illuminate/Http/Request))
#7 C:/xampp/htdocs/speakout-api/vendor/laravel/framework/src/Illuminate/Pipeline/Pipeline.php(183): App/Http/Middleware/IsAdmin->handle(Object(Illuminate/Http/Request), Object(Closure))
#8 C:/xampp/htdocs/speakout-api/vendor/laravel/framework/src/Illuminate/Routing/Middleware/SubstituteBindings.php(50): Illuminate/Pipeline/Pipeline->Illuminate/Pipeline/{closure}(Object(Illuminate/Http/Request))
#9 C:/xampp/htdocs/speakout-api/vendor/laravel/framework/src/Illuminate/Pipeline/Pipeline.php(183): Illuminate/Routing/Middleware/SubstituteBindings->handle(Object(Illuminate/Http/Request), Object(Closure))
#10 C:/xampp/htdocs/speakout-api/vendor/laravel/framework/src/Illuminate/Routing/Middleware/ThrottleRequests.php(159): Illuminate/Pipeline/Pipeline->Illuminate/Pipeline/{closure}(Object(Illuminate/Http/Request))
#11 C:/xampp/htdocs/speakout-api/vendor/laravel/framework/src/Illuminate/Routing/Middleware/ThrottleRequests.php(135): Illuminate/Routing/Middleware/ThrottleRequests->handleRequest(Object(Illuminate/Http/Request), Object(Closure), Array)
#12 C:/xampp/htdocs/speakout-api/vendor/laravel/framework/src/Illuminate/Routing/Middleware/ThrottleRequests.php(87): Illuminate/Routing/Middleware/ThrottleRequests->handleRequestUsingNamedLimiter(Object(Illuminate/Http/Request), Object(Closure), 'api', Object(Closure))
#13 C:/xampp/htdocs/speakout-api/vendor/laravel/framework/src/Illuminate/Pipeline/Pipeline.php(183): Illuminate/Routing/Middleware/ThrottleRequests->handle(Object(Illuminate/Http/Request), Object(Closure), 'api')
#14 C:/xampp/htdocs/speakout-api/vendor/laravel/framework/src/Illuminate/Auth/Middleware/Authenticate.php(57): Illuminate/Pipeline/Pipeline->Illuminate/Pipeline/{closure}(Object(Illuminate/Http/Request))
#15 C:/xampp/htdocs/speakout-api/vendor/laravel/framework/src/Illuminate/Pipeline/Pipeline.php(183): Illuminate/Auth/Middleware/Authenticate->handle(Object(Illuminate/Http/Request), Object(Closure), 'sanctum')
#16 C:/xampp/htdocs/speakout-api/vendor/laravel/framework/src/Illuminate/Pipeline/Pipeline.php(119): Illuminate/Pipeline/Pipeline->Illuminate/Pipeline/{closure}(Object(Illuminate/Http/Request))
#17 C:/xampp/htdocs/speakout-api/vendor/laravel/framework/src/Illuminate/Routing/Router.php(807): Illuminate/Pipeline/Pipeline->then(Object(Closure))
#18 C:/xampp/htdocs/speakout-api/vendor/laravel/framework/src/Illuminate/Routing/Router.php(784): Illuminate/Routing/Router->runRouteWithinStack(Object(Illuminate/Routing/Route), Object(Illuminate/Http/Request))
#19 C:/xampp/htdocs/speakout-api/vendor/laravel/framework/src/Illuminate/Routing/Router.php(748): Illuminate/Routing/Router->runRoute(Object(Illuminate/Http/Request), Object(Illuminate/Routing/Route))
#20 C:/xampp/htdocs/speakout-api/vendor/laravel/framework/src/Illuminate/Routing/Router.php(737): Illuminate/Routing/Router->dispatchToRoute(Object(Illuminate/Http/Request))
#21 C:/xampp/htdocs/speakout-api/vendor/laravel/framework/src/Illuminate/Foundation/Http/Kernel.php(200): Illuminate/Routing/Router->dispatch(Object(Illuminate/Http/Request))
#22 C:/xampp/htdocs/speakout-api/vendor/laravel/framework/src/Illuminate/Pipeline/Pipeline.php(144): Illuminate/Foundation/Http/Kernel->Illuminate/Foundation/Http/{closure}(Object(Illuminate/Http/Request))
#23 C:/xampp/htdocs/speakout-api/vendor/laravel/framework/src/Illuminate/Foundation/Http/Middleware/TransformsRequest.php(21): Illuminate/Pipeline/Pipeline->Illuminate/Pipeline/{closure}(Object(Illuminate/Http/Request))
#24 C:/xampp/htdocs/speakout-api/vendor/laravel/framework/src/Illuminate/Foundation/Http/Middleware/ConvertEmptyStringsToNull.php(31): Illuminate/Foundation/Http/Middleware/TransformsRequest->handle(Object(Illuminate/Http/Request), Object(Closure))
#25 C:/xampp/htdocs/speakout-api/vendor/laravel/framework/src/Illuminate/Pipeline/Pipeline.php(183): Illuminate/Foundation/Http/Middleware/ConvertEmptyStringsToNull->handle(Object(Illuminate/Http/Request), Object(Closure))
#26 C:/xampp/htdocs/speakout-api/vendor/laravel/framework/src/Illuminate/Foundation/Http/Middleware/TransformsRequest.php(21): Illuminate/Pipeline/Pipeline->Illuminate/Pipeline/{closure}(Object(Illuminate/Http/Request))
#27 C:/xampp/htdocs/speakout-api/vendor/laravel/framework/src/Illuminate/Foundation/Http/Middleware/TrimStrings.php(40): Illuminate/Foundation/Http/Middleware/TransformsRequest->handle(Object(Illuminate/Http/Request), Object(Closure))
#28 C:/xampp/htdocs/speakout-api/vendor/laravel/framework/src/Illuminate/Pipeline/Pipeline.php(183): Illuminate/Foundation/Http/Middleware/TrimStrings->handle(Object(Illuminate/Http/Request), Object(Closure))
#29 C:/xampp/htdocs/speakout-api/vendor/laravel/framework/src/Illuminate/Foundation/Http/Middleware/ValidatePostSize.php(27): Illuminate/Pipeline/Pipeline->Illuminate/Pipeline/{closure}(Object(Illuminate/Http/Request))
#30 C:/xampp/htdocs/speakout-api/vendor/laravel/framework/src/Illuminate/Pipeline/Pipeline.php(183): Illuminate/Foundation/Http/Middleware/ValidatePostSize->handle(Object(Illuminate/Http/Request), Object(Closure))
#31 C:/xampp/htdocs/speakout-api/vendor/laravel/framework/src/Illuminate/Foundation/Http/Middleware/PreventRequestsDuringMaintenance.php(99): Illuminate/Pipeline/Pipeline->Illuminate/Pipeline/{closure}(Object(Illuminate/Http/Request))
#32 C:/xampp/htdocs/speakout-api/vendor/laravel/framework/src/Illuminate/Pipeline/Pipeline.php(183): Illuminate/Foundation/Http/Middleware/PreventRequestsDuringMaintenance->handle(Object(Illuminate/Http/Request), Object(Closure))
#33 C:/xampp/htdocs/speakout-api/vendor/laravel/framework/src/Illuminate/Http/Middleware/HandleCors.php(62): Illuminate/Pipeline/Pipeline->Illuminate/Pipeline/{closure}(Object(Illuminate/Http/Request))
#34 C:/xampp/htdocs/speakout-api/vendor/laravel/framework/src/Illuminate/Pipeline/Pipeline.php(183): Illuminate/Http/Middleware/HandleCors->handle(Object(Illuminate/Http/Request), Object(Closure))
#35 C:/xampp/htdocs/speakout-api/vendor/laravel/framework/src/Illuminate/Http/Middleware/TrustProxies.php(39): Illuminate/Pipeline/Pipeline->Illuminate/Pipeline/{closure}(Object(Illuminate/Http/Request))
#36 C:/xampp/htdocs/speakout-api/vendor/laravel/framework/src/Illuminate/Pipeline/Pipeline.php(183): Illuminate/Http/Middleware/TrustProxies->handle(Object(Illuminate/Http/Request), Object(Closure))
#37 C:/xampp/htdocs/speakout-api/vendor/laravel/framework/src/Illuminate/Pipeline/Pipeline.php(119): Illuminate/Pipeline/Pipeline->Illuminate/Pipeline/{closure}(Object(Illuminate/Http/Request))
#38 C:/xampp/htdocs/speakout-api/vendor/laravel/framework/src/Illuminate/Foundation/Http/Kernel.php(175): Illuminate/Pipeline/Pipeline->then(Object(Closure))
#39 C:/xampp/htdocs/speakout-api/vendor/laravel/framework/src/Illuminate/Foundation/Http/Kernel.php(144): Illuminate/Foundation/Http/Kernel->sendRequestThroughRouter(Object(Illuminate/Http/Request))
#40 C:/xampp/htdocs/speakout-api/public/index.php(52): Illuminate/Foundation/Http/Kernel->handle(Object(Illuminate/Http/Request))
#41 C:/xampp/htdocs/speakout-api/vendor/laravel/framework/src/Illuminate/Foundation/resources/server.php(16): require_once('C://xampp//htdocs...')
#42 {main}
"} 
[2026-06-17 02:43:39] local.INFO: Generating PDF {"user":"Cintia","course":"English For Family","cert_number":"CERT-2026-00032"} 
[2026-06-17 04:41:53] local.INFO: Generating PDF {"user":"Cintia","course":"English For Family","cert_number":"CERT-2026-00032"} 
[2026-06-17 06:11:06] local.INFO: 🔍 QuizController@show called {"requested_quiz_id":"17","user_id":16} 
[2026-06-17 06:11:06] local.INFO: 📤 Quiz loaded successfully {"quiz_id":17,"quiz_title":"Quiz: Family Basics","course_id":2,"questions_count":8} 
[2026-06-17 06:11:39] local.INFO: 🔍 Certificate check {"user_id":16,"course_id":2,"total_lessons":8,"completed_lessons":3} 
[2026-06-17 06:11:41] local.INFO: 🔍 QuizController@show called {"requested_quiz_id":"3","user_id":16} 
[2026-06-17 06:11:41] local.INFO: 📤 Quiz loaded successfully {"quiz_id":3,"quiz_title":"Family Vocabulary Quiz","course_id":2,"questions_count":4} 
[2026-06-17 06:12:08] local.INFO: 🔍 QuizController@show called {"requested_quiz_id":"18","user_id":16} 
[2026-06-17 06:12:08] local.INFO: 📤 Quiz loaded successfully {"quiz_id":18,"quiz_title":"Quiz: Daily Activities","course_id":2,"questions_count":8} 
[2026-06-17 06:13:12] local.INFO: 🔍 Certificate check {"user_id":16,"course_id":2,"total_lessons":8,"completed_lessons":7} 
[2026-06-17 06:13:15] local.INFO: 🔍 QuizController@show called {"requested_quiz_id":"1","user_id":16} 
[2026-06-17 06:13:15] local.INFO: 📤 Quiz loaded successfully {"quiz_id":1,"quiz_title":"Quiz: Family Vocabulary","course_id":2,"questions_count":30} 
[2026-06-17 07:04:19] local.INFO: ✅ Certificate created manually by admin {"certificate_id":33,"admin_id":1,"user_id":16,"course_id":2} 
[2026-06-17 07:07:33] local.INFO: Generating PDF {"user":"Anisa","course":"English For Family","cert_number":"CERT-2026-00033"} 
[2026-06-17 07:23:40] local.INFO: ✅ Certificate created manually by admin {"certificate_id":34,"admin_id":1,"user_id":13,"course_id":2} 
[2026-06-17 07:25:25] local.INFO: 🔍 QuizController@show called {"requested_quiz_id":"17","user_id":13} 
[2026-06-17 07:25:25] local.INFO: 📤 Quiz loaded successfully {"quiz_id":17,"quiz_title":"Quiz: Family Basics","course_id":2,"questions_count":8} 
[2026-06-17 07:26:11] local.INFO: 🔍 Certificate check {"user_id":13,"course_id":2,"total_lessons":8,"completed_lessons":6} 
[2026-06-17 07:26:14] local.INFO: 🔍 QuizController@show called {"requested_quiz_id":"3","user_id":13} 
[2026-06-17 07:26:14] local.INFO: 📤 Quiz loaded successfully {"quiz_id":3,"quiz_title":"Family Vocabulary Quiz","course_id":2,"questions_count":4} 
[2026-06-17 07:26:49] local.INFO: 🔍 QuizController@show called {"requested_quiz_id":"18","user_id":13} 
[2026-06-17 07:26:49] local.INFO: 📤 Quiz loaded successfully {"quiz_id":18,"quiz_title":"Quiz: Daily Activities","course_id":2,"questions_count":8} 
[2026-06-17 07:27:15] local.INFO: 🔍 Certificate check {"user_id":13,"course_id":2,"total_lessons":8,"completed_lessons":7} 
[2026-06-17 07:27:17] local.INFO: 🔍 QuizController@show called {"requested_quiz_id":"1","user_id":13} 
[2026-06-17 07:27:17] local.INFO: 📤 Quiz loaded successfully {"quiz_id":1,"quiz_title":"Quiz: Family Vocabulary","course_id":2,"questions_count":30} 
[2026-06-17 07:37:32] local.INFO: Generating PDF {"user":"romi","course":"English For Family","cert_number":"CERT-2026-00034"} 
[2026-06-17 08:24:28] local.INFO: Generating PDF {"user":"romi","course":"English For Family","cert_number":"CERT-2026-00034"} 
[2026-06-17 08:33:18] local.INFO: Generating PDF {"user":"romi","course":"English For Family","cert_number":"CERT-2026-00034"} 
[2026-06-17 08:52:17] local.INFO: Generating PDF {"user":"romi","course":"English For Family","cert_number":"CERT-2026-00034"} 
[2026-06-17 13:32:08] local.INFO: Generating PDF {"user":"romi","course":"English For Family","cert_number":"CERT-2026-00034"} 
[2026-06-17 13:43:15] local.INFO: Generating PDF {"user":"romi","course":"English For Family","cert_number":"CERT-2026-00034"} 
[2026-06-17 20:51:27] local.INFO: Generating PDF {"user":"romi","course":"English For Family","cert_number":"CERT-2026-00034"} 
[2026-06-17 21:08:17] local.INFO: Generating PDF {"user":"romi","course":"English For Family","cert_number":"CERT-2026-00034"} 
[2026-06-17 21:33:00] local.INFO: Generating PDF {"user":"romi","course":"English For Family","cert_number":"CERT-2026-00034"} 
[2026-06-17 21:47:15] local.INFO: Generating PDF {"user":"romi","course":"English For Family","cert_number":"CERT-2026-00034"} 
[2026-06-17 21:50:47] local.INFO: Generating PDF {"user":"romi","course":"English For Family","cert_number":"CERT-2026-00034"} 
[2026-06-17 21:56:31] local.INFO: Generating PDF {"user":"romi","course":"English For Family","cert_number":"CERT-2026-00034"} 
[2026-06-17 22:05:52] local.INFO: Generating PDF {"user":"romi","course":"English For Family","cert_number":"CERT-2026-00034"} 
[2026-06-17 22:07:18] local.INFO: Generating PDF {"user":"romi","course":"English For Family","cert_number":"CERT-2026-00034"} 
[2026-06-17 22:24:55] local.INFO: Generating PDF {"user":"romi","course":"English For Family","cert_number":"CERT-2026-00034"} 
[2026-06-17 22:31:17] local.INFO: Generating PDF {"user":"romi","course":"English For Family","cert_number":"CERT-2026-00034"} 
[2026-06-17 22:45:44] local.INFO: Generating PDF {"user":"romi","course":"English For Family","cert_number":"CERT-2026-00034"} 
[2026-06-18 02:10:28] local.INFO: Generating PDF {"user":"romi","course":"English For Family","cert_number":"CERT-2026-00034"} 
[2026-06-18 03:00:51] local.INFO: 🔍 QuizController@show called {"requested_quiz_id":"19","user_id":17} 
[2026-06-18 03:00:51] local.INFO: 📤 Quiz loaded successfully {"quiz_id":19,"quiz_title":"Quiz: Community Basics","course_id":6,"questions_count":8} 
[2026-06-18 03:02:56] local.INFO: 🔍 Certificate check {"user_id":17,"course_id":6,"total_lessons":8,"completed_lessons":3} 
[2026-06-18 03:03:00] local.INFO: 🔍 QuizController@show called {"requested_quiz_id":"7","user_id":17} 
[2026-06-18 03:03:00] local.INFO: 📤 Quiz loaded successfully {"quiz_id":7,"quiz_title":"Quiz: Society Vocabulary","course_id":6,"questions_count":5} 
[2026-06-18 03:10:39] local.INFO: 🔍 Certificate check {"user_id":17,"course_id":6,"total_lessons":8,"completed_lessons":3} 
[2026-06-18 03:11:00] local.INFO: 🔍 QuizController@show called {"requested_quiz_id":"20","user_id":17} 
[2026-06-18 03:11:00] local.INFO: 📤 Quiz loaded successfully {"quiz_id":20,"quiz_title":"Quiz: Social Skills","course_id":6,"questions_count":8} 
[2026-06-18 03:11:44] local.INFO: 🔍 Certificate check {"user_id":17,"course_id":6,"total_lessons":8,"completed_lessons":6} 
[2026-06-18 03:11:46] local.INFO: 🔍 QuizController@show called {"requested_quiz_id":"4","user_id":17} 
[2026-06-18 03:11:46] local.INFO: 📤 Quiz loaded successfully {"quiz_id":4,"quiz_title":"Society Vocabulary Quiz","course_id":6,"questions_count":15} 
[2026-06-18 03:13:11] local.INFO: 🔍 Certificate check {"user_id":17,"course_id":6,"total_lessons":8,"completed_lessons":6} 
[2026-06-18 03:14:37] local.INFO: 🔍 QuizController@show called {"requested_quiz_id":"7","user_id":17} 
[2026-06-18 03:14:37] local.INFO: 📤 Quiz loaded successfully {"quiz_id":7,"quiz_title":"Quiz: Society Vocabulary","course_id":6,"questions_count":5} 
[2026-06-18 03:16:07] local.INFO: 🔍 Certificate check {"user_id":17,"course_id":6,"total_lessons":8,"completed_lessons":6} 
[2026-06-18 03:23:27] local.INFO: 🔍 QuizController@show called {"requested_quiz_id":"7","user_id":17} 
[2026-06-18 03:23:27] local.INFO: 📤 Quiz loaded successfully {"quiz_id":7,"quiz_title":"Quiz: Society Vocabulary","course_id":6,"questions_count":5} 
[2026-06-18 03:24:11] local.INFO: 🔍 Certificate check {"user_id":17,"course_id":6,"total_lessons":8,"completed_lessons":6} 
[2026-06-18 03:26:57] local.INFO: 🔍 QuizController@show called {"requested_quiz_id":"7","user_id":17} 
[2026-06-18 03:26:57] local.INFO: 📤 Quiz loaded successfully {"quiz_id":7,"quiz_title":"Quiz: Society Vocabulary","course_id":6,"questions_count":5} 
[2026-06-18 03:27:08] local.INFO: 🔍 Certificate check {"user_id":17,"course_id":6,"total_lessons":8,"completed_lessons":6} 
[2026-06-18 03:27:36] local.INFO: 🔍 Certificate check {"user_id":17,"course_id":6,"total_lessons":8,"completed_lessons":6} 
[2026-06-18 03:27:45] local.INFO: 🔍 Certificate check {"user_id":17,"course_id":6,"total_lessons":8,"completed_lessons":6} 
[2026-06-18 03:42:33] local.INFO: 🔍 QuizController@show called {"requested_quiz_id":"7","user_id":17} 
[2026-06-18 03:42:33] local.INFO: 📤 Quiz loaded successfully {"quiz_id":7,"quiz_title":"Quiz: Society Vocabulary","course_id":6,"questions_count":5} 
[2026-06-18 03:42:43] local.INFO: 🔍 Certificate check {"user_id":17,"course_id":6,"total_lessons":8,"completed_lessons":7} 
[2026-06-18 03:47:12] local.INFO: 🔍 QuizController@show called {"requested_quiz_id":"4","user_id":17} 
[2026-06-18 03:47:12] local.INFO: 📤 Quiz loaded successfully {"quiz_id":4,"quiz_title":"Society Vocabulary Quiz","course_id":6,"questions_count":15} 
[2026-06-18 03:49:25] local.INFO: 🔍 Certificate check {"user_id":17,"course_id":6,"total_lessons":8,"completed_lessons":8} 
[2026-06-18 03:49:25] local.INFO: ✅ Course 100% completed - generating certificate {"user_id":17,"course_id":6} 
[2026-06-18 03:49:26] local.INFO: 🎉 Certificate auto-generated (status: pending) {"user_id":17,"course_id":6,"certificate_id":35,"certificate_number":"CERT-2026-00035"} 
